Customer_Id,Age,Region,Category,Payment_Mode,Frequency,Monetary,Average_Order_Value,Tenure_Days,Complaint_Return_Count,Delivery_Days,Avg_Session_Time,Cart_Abandon_Rate,Recency,Churn_Flag
10001,46.0,North,Sports,UPI,5,6785.91,2192.55,1145,1,5.0,3.9,0.84,101,1
10002,56.0,North,Sports,UPI,4,3449.32,2609.13,350,1,4.7,4.3,0.44,61,1
10003,30.0,West,Sports,UPI,4,6232.54,1986.72,1228,1,4.6,9.1,0.7,81,0
10004,61.0,North,Fashion,Card,10,3588.31,3218.54,851,1,1.5,7.4,0.76,48,0
10005,63.0,East,Home,Card,3,4025.49,813.46,693,2,3.3,9.1,0.54,64,0
10006,26.0,South,Beauty,Card,6,13036.23,3626.74,1401,1,1.2,2.6,0.7,95,1
10007,26.0,West,Electronics,COD,6,16744.09,1695.72,232,0,6.5,8.4,0.78,68,0
10008,37.0,North,Beauty,Card,4,7473.78,1511.96,1413,3,3.3,3.2,0.34,48,1
10009,26.0,South,Fashion,Card,5,5817.45,1800.95,1590,1,3.2,6.3,0.76,99,0
10010,42.0,North,Beauty,COD,10,9278.02,1360.61,237,0,6.2,3.2,0.8,33,0
10011,32.0,South,Beauty,COD,2,8747.37,771.81,210,0,6.5,9.5,0.74,79,0
10012,51.0,West,Home,Card,3,10797.44,1987.52,114,2,6.1,4.9,0.21,39,1
10013,31.0,East,Sports,UPI,7,12101.76,572.42,399,1,6.0,7.9,0.52,49,0
10014,62.0,East,Home,UPI,5,19011.52,3475.44,1068,1,5.7,5.9,0.17,50,0
10015,30.0,West,Home,UPI,6,13212.87,3123.42,34,2,1.4,3.5,0.41,64,0
10016,23.0,North,Electronics,UPI,10,19809.82,2038.23,1021,0,4.6,10.5,0.65,25,0
10017,22.0,West,Fashion,UPI,6,7464.67,4454.45,774,1,4.7,6.4,0.56,60,0
10018,49.0,East,Electronics,UPI,5,4516.76,1604.89,1512,0,2.2,7.1,0.05,91,1
10019,39.0,West,Home,Card,5,8193.53,6173.44,86,0,6.5,6.7,0.82,77,1
10020,41.0,North,Electronics,UPI,8,7002.54,2012.1,1234,2,4.5,7.2,0.57,30,0
10021,59.0,South,Home,UPI,4,11338.49,1642.65,1437,0,4.6,6.2,0.57,76,0
10022,42.0,South,Fashion,UPI,2,3174.17,2210.57,1270,1,6.7,8.8,0.62,85,1
10023,45.0,North,Home,COD,7,9702.18,3487.75,161,0,4.0,10.7,0.81,57,0
10024,58.0,South,Fashion,COD,6,14999.53,4089.21,622,0,4.6,8.3,0.65,78,0
10025,52.0,West,Electronics,UPI,7,9394.92,1371.86,1248,0,5.1,6.0,0.61,66,0
10026,24.0,South,Sports,UPI,12,15539.1,1324.97,181,1,3.4,7.1,0.5,39,0
10027,62.0,West,Home,UPI,8,8088.84,4659.4,1384,0,7.0,6.5,0.29,46,0
10028,24.0,South,Home,Net Banking,7,9699.64,1776.61,1291,0,6.8,12.0,0.38,52,0
10029,28.0,South,Beauty,COD,8,14681.19,3497.94,1440,0,1.9,11.4,0.61,39,0
10030,53.0,North,Sports,Card,6,36096.59,1246.21,251,0,6.1,12.9,0.83,68,0
10031,46.0,West,Home,UPI,4,2939.5,4809.71,323,3,5.8,9.2,0.74,71,0
10032,35.0,North,Home,Card,5,17868.87,3702.62,1037,2,4.6,9.1,0.16,38,0
10033,18.0,West,Beauty,UPI,5,25257.05,3133.49,858,2,4.6,5.6,0.43,68,0
10034,22.0,North,Fashion,UPI,8,17947.34,690.02,166,0,4.5,8.6,0.4,44,0
10035,27.0,West,Home,UPI,5,3675.8,2293.58,531,0,6.3,7.4,0.44,59,0
10036,30.0,South,Beauty,COD,3,6594.43,4935.64,914,0,5.6,8.7,0.72,103,1
10037,41.0,West,Sports,COD,4,11734.06,1409.25,172,2,2.7,11.5,0.09,31,0
10038,58.0,South,Sports,COD,6,9740.28,137.77,738,0,3.3,3.2,0.51,68,1
10039,61.0,East,Sports,Card,7,5042.38,1466.57,410,0,6.0,2.7,0.67,55,1
10040,37.0,East,Home,UPI,3,6954.32,3515.19,1577,1,6.1,10.4,0.31,66,0
10041,29.0,East,Sports,Net Banking,8,10668.52,672.81,1125,0,3.9,3.1,0.73,67,0
10042,45.0,East,Fashion,UPI,5,4797.73,1636.4,620,2,6.1,2.2,0.48,33,0
10043,45.0,West,Sports,COD,9,3399.3,1321.66,714,0,8.2,6.0,0.32,40,0
10044,63.0,West,Home,Net Banking,4,11359.83,880.56,1405,0,5.4,6.5,0.19,47,0
10045,50.0,South,Sports,Card,5,9615.54,1585.15,920,1,4.6,7.0,0.74,60,0
10046,22.0,West,Beauty,UPI,12,14128.25,1670.61,1432,0,1.5,8.3,0.79,39,0
10047,31.0,South,Beauty,Net Banking,3,10322.58,1278.99,1018,1,3.4,4.2,0.41,59,0
10048,49.0,South,Electronics,COD,5,15877.26,1175.7,1268,0,1.5,9.0,0.78,41,0
10049,20.0,South,Electronics,Card,5,3126.32,2586.95,300,0,3.1,7.2,0.45,71,1
10050,38.0,West,Beauty,UPI,7,21233.78,1240.89,879,0,4.2,6.6,0.32,68,0
10051,48.0,West,Fashion,UPI,5,3067.2,1473.07,733,1,4.6,8.4,0.8,64,0
10052,26.0,North,Sports,UPI,6,9646.35,1283.69,232,1,1.9,1.0,0.6,60,0
10053,60.0,West,Home,UPI,9,8351.95,1956.87,387,0,5.3,1.0,0.23,35,0
10054,64.0,South,Fashion,Net Banking,2,6895.81,2591.94,596,0,6.5,7.9,0.6,75,1
10055,37.0,East,Home,UPI,8,7221.64,7443.1,838,0,2.2,5.8,0.4,68,1
10056,37.0,South,Sports,UPI,8,13095.84,1101.47,1123,0,5.2,5.8,0.23,7,0
10057,64.0,West,Sports,UPI,4,7899.26,3458.14,1597,2,7.1,1.0,0.13,55,1
10058,22.0,West,Beauty,Card,6,4427.32,635.46,539,0,6.2,11.6,0.38,49,0
10059,31.0,East,Sports,Card,4,7572.52,1493.61,783,0,2.9,9.3,0.19,71,0
10060,23.0,South,Fashion,Net Banking,8,3595.46,1038.62,998,2,3.1,5.8,0.13,45,0
10061,41.0,South,Sports,Card,2,20436.09,1488.98,233,0,7.0,8.1,0.61,84,1
10062,53.0,South,Home,UPI,6,8025.64,2292.23,1599,0,4.6,5.1,0.13,34,0
10063,28.0,West,Sports,COD,8,3922.65,3756.19,1110,1,4.5,3.6,0.59,80,0
10064,65.0,West,Electronics,Net Banking,8,2970.69,2891.9,222,1,2.9,7.6,0.48,36,0
10065,55.0,West,Electronics,Card,3,15983.8,4954.0,919,1,1.7,8.8,0.33,34,0
10066,27.0,South,Electronics,UPI,5,5500.26,2531.13,1312,0,4.1,6.2,0.59,97,1
10067,58.0,South,Sports,Card,4,13197.48,1350.95,374,0,3.5,2.7,0.8,59,1
10068,46.0,East,Home,Card,7,12292.58,3041.24,203,0,7.4,9.6,0.48,40,0
10069,21.0,North,Beauty,UPI,5,8437.5,2575.91,569,3,1.2,11.1,0.59,54,0
10070,60.0,South,Electronics,UPI,4,3297.89,2555.25,1043,3,1.2,8.1,0.44,72,0
10071,23.0,South,Beauty,Card,4,7161.44,2428.55,167,2,2.9,7.6,0.76,106,1
10072,53.0,West,Beauty,COD,4,8966.31,5371.5,481,1,5.7,7.4,0.79,67,0
10073,23.0,South,Electronics,Net Banking,6,5668.26,1596.05,972,0,6.6,5.7,0.8,71,0
10074,21.0,West,Electronics,UPI,7,5504.41,2365.18,1254,1,5.5,6.4,0.67,49,0
10075,19.0,South,Home,UPI,7,3746.72,2661.74,962,0,4.8,5.6,0.21,39,0
10076,38.0,South,Sports,Card,6,21086.98,2529.91,522,1,6.8,8.9,0.09,3,0
10077,57.0,North,Electronics,UPI,7,11385.05,454.44,1121,1,3.5,4.7,0.36,76,1
10078,29.0,South,Fashion,Card,7,22694.45,1649.2,805,1,7.3,7.9,0.67,33,0
10079,39.0,West,Sports,UPI,9,3548.72,3920.8,527,0,7.7,7.8,0.17,54,0
10080,56.0,East,Beauty,Card,7,10359.23,1137.5,836,1,3.3,5.9,0.69,67,0
10081,29.0,West,Sports,Card,6,6964.79,349.96,1478,2,7.0,4.3,0.55,54,0
10082,44.0,South,Electronics,UPI,5,25869.54,3518.38,907,1,5.2,6.9,0.49,77,0
10083,30.0,North,Fashion,COD,4,26298.33,2755.67,342,0,6.8,8.5,0.78,96,0
10084,62.0,West,Fashion,UPI,6,7073.44,1694.25,190,1,2.2,6.1,0.23,65,0
10085,44.0,North,Home,UPI,8,8829.55,1264.01,518,0,2.3,9.5,0.23,17,0
10086,51.0,West,Beauty,UPI,3,13354.24,3176.61,990,1,6.0,2.7,0.34,32,0
10087,30.0,West,Home,Card,7,3363.26,1899.36,134,2,4.6,3.6,0.39,47,0
10088,50.0,South,Electronics,Card,9,19200.44,1247.24,872,0,6.1,11.6,0.5,17,0
10089,28.0,South,Electronics,Card,5,14565.39,3634.2,268,1,5.0,7.1,0.32,58,0
10090,22.0,East,Fashion,COD,2,9601.14,1335.09,1363,0,4.8,4.1,0.44,74,0
10091,37.0,West,Sports,Card,4,12077.89,415.42,1343,0,6.7,11.5,0.38,64,0
10092,27.0,South,Fashion,Card,8,4226.11,2640.0,67,0,5.7,4.0,0.13,39,0
10093,33.0,West,Beauty,UPI,2,2384.08,1118.68,1309,1,6.1,7.5,0.22,65,0
10094,19.0,North,Fashion,UPI,4,18981.2,1787.65,63,1,5.3,6.2,0.84,77,0
10095,44.0,East,Sports,Net Banking,6,4890.83,2788.57,1300,0,7.0,2.8,0.75,86,1
10096,22.0,East,Fashion,COD,3,8423.72,2185.6,497,2,6.2,8.1,0.21,54,0
10097,32.0,West,Electronics,COD,5,7998.36,1677.09,604,0,3.8,4.0,0.56,64,0
10098,49.0,West,Home,Net Banking,6,18651.51,1429.18,1514,2,5.9,10.6,0.66,71,0
10099,61.0,North,Home,UPI,5,5054.69,2005.56,1598,2,3.8,6.4,0.31,76,0
10100,31.0,North,Beauty,Card,7,8780.15,1611.37,737,1,4.9,5.0,0.57,66,0
10101,37.0,East,Sports,Card,4,5764.75,1851.86,609,1,2.3,5.7,0.78,60,0
10102,51.0,West,Fashion,UPI,6,22228.39,1063.39,538,2,3.6,7.2,0.07,37,0
10103,22.0,West,Beauty,Card,5,8942.57,280.84,1422,1,4.4,8.5,0.19,41,0
10104,50.0,South,Home,UPI,4,6428.38,1988.58,634,0,3.6,3.8,0.83,80,1
10105,27.0,South,Electronics,Card,5,2163.42,4432.73,57,0,1.9,4.2,0.31,92,1
10106,31.0,West,Electronics,Card,12,16610.19,2000.2,494,0,5.5,4.1,0.15,19,0
10107,61.0,West,Fashion,UPI,6,6992.52,2617.5,703,2,3.3,6.8,0.19,49,0
10108,31.0,South,Home,COD,3,11159.76,2041.9,672,1,3.1,8.4,0.39,67,0
10109,19.0,North,Fashion,UPI,5,9387.79,1928.22,610,1,7.1,15.9,0.22,39,0
10110,55.0,West,Electronics,UPI,6,5922.76,2727.73,913,1,2.0,6.5,0.73,48,0
10111,42.0,South,Sports,COD,6,4738.47,955.12,524,1,6.1,1.0,0.3,49,1
10112,23.0,South,Electronics,UPI,8,7323.42,2583.46,622,2,5.8,10.4,0.7,64,0
10113,40.0,South,Beauty,UPI,9,8221.13,1012.73,443,1,3.7,4.7,0.46,28,0
10114,58.0,East,Sports,Net Banking,7,5960.65,3093.36,726,3,2.1,5.7,0.4,52,1
10115,27.0,South,Electronics,UPI,6,3451.54,3940.02,1266,2,2.0,7.1,0.33,50,0
10116,52.0,South,Fashion,COD,7,3698.61,1442.15,845,1,6.4,4.4,0.73,70,1
10117,27.0,South,Fashion,Net Banking,6,8637.73,2127.75,1585,0,2.1,7.5,0.67,76,0
10118,53.0,East,Home,Card,6,6857.17,4236.63,1065,0,4.0,5.5,0.82,96,1
10119,20.0,East,Electronics,UPI,6,5183.33,862.77,821,1,8.0,8.7,0.35,82,1
10120,18.0,South,Beauty,COD,7,5690.84,1665.82,1236,0,4.3,8.2,0.27,58,0
10121,42.0,West,Beauty,COD,9,5913.12,2804.84,400,1,4.1,9.4,0.3,44,0
10122,38.0,South,Fashion,Card,9,1805.13,2238.21,1529,1,3.0,4.2,0.49,54,0
10123,42.0,East,Beauty,UPI,5,8096.33,3079.05,1464,1,7.2,7.6,0.62,77,0
10124,32.0,West,Beauty,UPI,2,9561.85,2073.39,1369,2,2.9,3.5,0.42,78,0
10125,59.0,West,Sports,Net Banking,11,2878.28,1030.72,1085,1,4.2,8.9,0.26,40,0
10126,61.0,West,Home,Card,4,2279.07,2236.2,839,0,5.7,2.0,0.51,96,1
10127,56.0,East,Beauty,Card,5,14603.95,2319.24,927,2,5.5,9.9,0.46,69,0
10128,40.0,South,Home,UPI,5,5790.57,1277.56,94,0,3.5,4.0,0.18,19,0
10129,60.0,West,Home,COD,5,7236.34,3408.64,926,4,4.4,8.9,0.71,55,0
10130,24.0,East,Electronics,UPI,6,14473.17,2204.03,1184,0,5.2,3.0,0.2,51,0
10131,58.0,South,Beauty,COD,3,5803.48,1487.83,863,0,6.5,1.0,0.79,51,1
10132,57.0,East,Home,COD,9,18980.69,1378.58,1379,1,2.5,2.3,0.66,59,0
10133,33.0,East,Sports,UPI,4,10841.48,2688.16,654,1,3.3,11.3,0.84,66,0
10134,20.0,South,Electronics,COD,9,13623.17,1328.05,644,0,7.1,8.9,0.41,18,0
10135,18.0,West,Home,UPI,5,13305.01,808.6,1177,1,2.3,8.0,0.68,59,0
10136,44.0,West,Fashion,Card,10,15331.2,6867.05,1449,1,5.8,2.4,0.54,66,0
10137,25.0,West,Fashion,Card,10,15362.72,446.77,923,1,5.2,8.0,0.77,67,0
10138,51.0,South,Sports,COD,5,8933.09,3693.37,1522,1,3.8,5.9,0.46,48,0
10139,34.0,South,Sports,Card,5,3723.87,1030.6,1364,0,5.9,6.0,0.58,77,0
10140,51.0,South,Electronics,UPI,4,9697.06,1773.05,1133,2,4.9,7.6,0.25,80,1
10141,57.0,South,Fashion,Card,5,5848.6,2536.4,1464,1,3.8,2.2,0.42,55,1
10142,44.0,West,Beauty,Net Banking,6,11240.96,1048.13,989,0,1.0,7.7,0.52,77,0
10143,43.0,North,Electronics,Net Banking,4,13131.2,839.71,135,0,6.3,11.5,0.68,59,1
10144,28.0,South,Home,Card,10,6751.83,1518.32,877,0,3.1,7.9,0.06,43,0
10145,28.0,North,Sports,UPI,3,10162.27,2421.98,392,1,1.8,5.8,0.32,81,0
10146,44.0,South,Sports,UPI,5,13450.81,3936.44,1052,0,4.0,11.0,0.34,55,0
10147,60.0,North,Sports,Net Banking,9,12722.12,1565.64,1262,1,6.7,3.0,0.79,53,0
10148,18.0,West,Fashion,COD,7,24057.82,723.82,1161,3,6.0,10.1,0.29,67,0
10149,44.0,South,Fashion,Card,3,2535.43,3394.26,898,0,5.8,6.5,0.71,67,1
10150,65.0,East,Beauty,Net Banking,7,3600.37,3159.88,113,0,3.5,10.2,0.81,84,0
10151,35.0,North,Fashion,UPI,5,8987.15,5209.03,978,1,4.8,8.9,0.6,44,0
10152,28.0,North,Home,Card,9,11767.46,2489.59,1582,1,7.6,7.6,0.77,38,0
10153,27.0,East,Electronics,UPI,6,13982.78,2128.95,803,2,5.6,7.5,0.25,72,0
10154,55.0,North,Sports,Net Banking,5,10730.73,1299.68,1574,4,6.8,6.7,0.81,60,0
10155,55.0,East,Sports,Net Banking,6,16305.21,1974.6,718,1,3.4,5.2,0.69,67,1
10156,18.0,North,Electronics,Card,7,3947.78,2287.26,851,1,3.9,12.1,0.61,29,0
10157,35.0,North,Sports,UPI,4,13775.91,1429.53,1030,0,5.8,8.8,0.39,63,0
10158,52.0,South,Beauty,COD,7,9101.77,1031.47,353,0,3.8,10.1,0.79,68,0
10159,23.0,North,Home,UPI,2,9709.49,3082.54,1572,0,3.4,3.8,0.41,88,1
10160,56.0,West,Beauty,UPI,5,1483.7,2052.11,1460,0,5.2,7.0,0.75,64,0
10161,40.0,West,Electronics,COD,3,16903.97,2495.56,839,0,6.2,8.4,0.68,75,0
10162,50.0,South,Beauty,COD,8,12751.28,6079.55,204,0,5.0,5.6,0.48,65,0
10163,33.0,South,Beauty,UPI,3,19429.27,2773.88,384,2,6.5,5.1,0.58,76,1
10164,46.0,South,Home,Card,7,26593.62,2953.84,138,0,6.6,8.7,0.61,39,0
10165,21.0,South,Sports,Card,3,27802.99,3635.05,166,1,2.6,8.3,0.22,55,0
10166,45.0,North,Fashion,COD,7,13156.19,859.0,116,1,2.4,2.6,0.2,48,0
10167,27.0,East,Home,UPI,3,10093.71,400.02,35,2,4.3,11.0,0.75,71,0
10168,28.0,West,Electronics,COD,6,5003.47,1693.75,353,1,4.4,6.3,0.59,66,0
10169,62.0,West,Home,Card,6,12055.43,1751.98,927,1,5.4,4.1,0.8,79,1
10170,48.0,South,Beauty,Card,5,7134.43,1377.92,1440,0,5.1,5.1,0.78,83,1
10171,48.0,North,Fashion,Net Banking,7,8707.99,861.59,1180,1,3.0,10.3,0.53,63,0
10172,47.0,North,Electronics,Net Banking,6,18677.63,1858.56,1075,1,5.5,6.8,0.41,59,0
10173,28.0,South,Sports,UPI,5,25316.06,509.04,737,0,7.1,6.0,0.67,69,0
10174,40.0,West,Fashion,UPI,6,6838.37,946.93,1484,2,5.7,9.5,0.54,62,0
10175,32.0,West,Fashion,COD,5,26356.44,2183.79,710,1,4.8,6.2,0.21,52,0
10176,18.0,West,Fashion,UPI,6,18650.42,4208.73,604,1,1.9,5.4,0.66,51,0
10177,37.0,North,Electronics,Card,4,17890.52,993.23,1156,0,5.1,10.1,0.7,79,0
10178,32.0,North,Home,Card,4,6834.62,2080.34,770,1,1.0,7.7,0.35,60,0
10179,33.0,North,Sports,COD,5,16472.12,1712.43,660,0,2.6,11.7,0.3,24,0
10180,50.0,West,Beauty,COD,8,8994.34,982.27,1456,2,3.1,11.2,0.64,67,1
10181,18.0,South,Sports,Card,4,12189.64,888.17,1141,1,2.9,5.1,0.7,77,0
10182,22.0,South,Electronics,UPI,5,20833.58,1485.92,339,2,3.2,8.2,0.36,40,0
10183,53.0,East,Fashion,Net Banking,6,14321.82,1768.0,194,1,7.2,8.3,0.71,65,0
10184,39.0,South,Fashion,Net Banking,7,12433.19,2327.67,276,0,3.3,1.0,0.79,78,1
10185,33.0,North,Fashion,UPI,7,5358.56,1966.07,550,1,4.5,4.3,0.32,55,0
10186,51.0,North,Home,COD,6,3943.06,2443.48,1005,1,2.3,2.0,0.33,24,0
10187,45.0,West,Home,UPI,4,10160.5,1955.04,869,2,5.5,9.5,0.49,27,0
10188,60.0,South,Sports,UPI,9,3375.01,2616.44,1103,1,3.7,8.3,0.46,68,0
10189,51.0,West,Sports,Card,7,17606.5,4707.25,1154,0,5.4,11.9,0.3,26,0
10190,22.0,West,Home,UPI,11,7514.52,1955.94,1363,0,3.2,6.4,0.38,43,0
10191,48.0,East,Home,UPI,7,10320.0,1399.12,968,2,6.0,5.7,0.36,18,0
10192,59.0,West,Sports,UPI,11,5737.73,2455.84,785,1,4.7,3.4,0.5,18,0
10193,24.0,North,Fashion,Net Banking,5,8960.37,2992.65,701,0,5.6,8.5,0.5,82,1
10194,37.0,West,Electronics,Card,5,7042.63,3945.78,1012,0,6.1,9.5,0.35,67,0
10195,24.0,South,Sports,UPI,2,5555.88,6359.13,1322,3,6.7,5.0,0.58,80,1
10196,41.0,South,Sports,Card,6,18443.35,2584.92,904,0,4.7,15.0,0.09,59,0
10197,19.0,West,Electronics,Card,4,3353.75,1418.36,1068,2,2.9,8.9,0.4,73,0
10198,38.0,East,Fashion,COD,4,1528.54,3354.51,923,0,2.8,1.0,0.61,76,1
10199,63.0,East,Electronics,UPI,5,16488.88,5582.98,1429,0,7.1,11.5,0.28,37,0
10200,55.0,East,Fashion,UPI,8,22739.55,1599.85,1330,0,8.3,2.8,0.72,66,0
10201,21.0,West,Sports,COD,8,9306.68,1820.2,548,1,2.9,7.7,0.82,56,0
10202,47.0,South,Electronics,Card,11,6093.76,1182.61,53,0,3.8,6.5,0.17,11,0
10203,45.0,South,Electronics,UPI,8,7978.64,794.88,836,0,2.1,3.6,0.59,32,0
10204,36.0,South,Beauty,UPI,4,9283.47,1689.41,874,2,2.9,7.4,0.45,59,0
10205,31.0,South,Home,Card,6,11459.06,2372.85,291,1,4.9,9.5,0.05,43,0
10206,61.0,East,Electronics,COD,10,2023.09,3656.96,599,0,6.0,6.8,0.28,18,0
10207,50.0,South,Sports,UPI,9,8329.37,1529.0,1399,2,2.5,10.4,0.05,34,0
10208,23.0,South,Home,COD,6,22801.9,1285.81,1584,1,5.9,6.3,0.74,50,1
10209,64.0,North,Home,Net Banking,4,9994.43,3262.23,481,2,4.9,5.8,0.26,51,0
10210,32.0,East,Fashion,Card,6,8592.11,3995.49,1070,0,3.0,8.7,0.37,26,0
10211,44.0,South,Fashion,UPI,5,30489.38,924.93,413,0,6.9,7.5,0.75,31,0
10212,50.0,West,Sports,UPI,7,7312.07,1884.9,1297,1,5.2,12.1,0.76,80,1
10213,42.0,South,Fashion,COD,5,464.42,2979.46,997,2,4.4,8.4,0.53,72,0
10214,39.0,South,Electronics,Net Banking,5,13993.25,1505.4,504,3,4.4,12.3,0.15,30,0
10215,31.0,East,Electronics,COD,9,6609.11,3154.83,672,0,3.2,5.7,0.69,28,0
10216,24.0,South,Beauty,Card,8,9646.35,6054.85,754,0,6.9,6.9,0.73,51,0
10217,25.0,South,Beauty,Net Banking,6,10444.31,755.02,637,4,3.4,8.7,0.69,65,0
10218,51.0,North,Sports,Net Banking,12,6849.34,2440.49,662,1,3.2,8.9,0.5,22,0
10219,31.0,South,Fashion,UPI,6,9338.15,2167.72,121,0,4.4,7.5,0.29,25,0
10220,25.0,South,Beauty,COD,5,5068.07,1075.62,352,2,2.7,5.5,0.5,90,1
10221,39.0,North,Home,UPI,6,5141.06,2012.48,153,2,1.6,11.1,0.8,77,0
10222,32.0,North,Home,Card,10,15271.6,2097.63,374,3,8.5,10.2,0.1,30,0
10223,38.0,East,Fashion,UPI,5,10378.4,1129.09,679,0,5.0,1.0,0.74,92,1
10224,60.0,South,Fashion,Card,5,9651.14,4376.11,799,1,3.6,4.4,0.59,87,1
10225,30.0,South,Fashion,UPI,6,9265.78,1856.2,46,1,2.6,6.6,0.24,61,0
10226,63.0,North,Fashion,COD,10,6817.49,2845.28,410,0,7.8,6.1,0.45,73,0
10227,50.0,East,Home,UPI,7,8935.81,2280.42,263,0,6.4,7.7,0.21,56,0
10228,20.0,West,Beauty,UPI,5,8139.45,582.06,1152,0,3.3,2.0,0.38,87,0
10229,29.0,West,Electronics,Card,4,4937.88,5434.16,972,0,6.3,6.9,0.27,58,0
10230,20.0,East,Beauty,UPI,6,4161.17,1779.0,1294,1,4.2,11.2,0.49,58,0
10231,35.0,South,Electronics,COD,8,7639.8,3672.98,996,0,5.3,12.4,0.22,48,0
10232,23.0,East,Home,UPI,10,14769.93,1602.11,568,1,5.2,5.7,0.25,49,0
10233,38.0,South,Sports,COD,6,15221.0,3562.59,1018,1,8.6,8.2,0.47,43,0
10234,44.0,North,Home,UPI,8,6202.82,1999.71,196,4,4.4,5.6,0.73,82,1
10235,43.0,North,Fashion,Card,4,6053.88,437.09,541,2,4.1,7.0,0.77,93,1
10236,30.0,East,Fashion,Net Banking,7,8481.56,3076.39,1077,0,1.0,6.7,0.59,70,0
10237,22.0,South,Home,COD,3,2093.05,3926.62,268,1,6.6,7.3,0.11,35,0
10238,19.0,North,Beauty,UPI,8,5524.38,1112.51,537,1,8.8,10.6,0.21,23,0
10239,23.0,East,Sports,COD,8,7183.01,1551.17,1138,1,2.6,5.4,0.81,54,0
10240,57.0,East,Electronics,UPI,9,12406.08,3217.3,834,0,5.8,7.8,0.46,49,0
10241,33.0,South,Sports,COD,4,26964.13,1524.01,704,0,6.0,8.1,0.83,53,0
10242,36.0,North,Sports,Net Banking,3,4885.79,2913.09,962,0,4.4,11.1,0.55,85,1
10243,19.0,South,Fashion,COD,9,6193.42,2770.75,1595,1,3.8,8.4,0.28,54,0
10244,20.0,East,Sports,COD,4,14566.36,3613.07,878,1,3.1,4.8,0.67,108,1
10245,64.0,North,Electronics,Card,3,18373.48,4188.62,386,0,4.8,8.9,0.46,64,0
10246,20.0,West,Beauty,UPI,7,6853.4,1080.36,1524,1,5.1,7.7,0.23,51,0
10247,45.0,North,Beauty,UPI,6,5893.38,2340.88,829,1,5.7,8.4,0.34,49,0
10248,58.0,South,Sports,UPI,9,20071.11,1337.14,59,3,4.9,11.0,0.16,32,0
10249,27.0,West,Electronics,UPI,3,8416.51,559.57,1216,0,3.6,8.1,0.34,70,0
10250,23.0,East,Home,UPI,4,8343.74,2287.56,237,2,4.6,9.3,0.49,56,0
10251,31.0,East,Fashion,UPI,4,20150.45,2112.44,518,0,6.0,6.0,0.26,45,0
10252,20.0,West,Home,UPI,5,15581.92,2760.68,748,1,4.2,13.5,0.83,41,0
10253,34.0,North,Fashion,Card,8,4869.49,3184.42,1531,0,4.9,9.1,0.8,69,0
10254,49.0,West,Beauty,UPI,10,10405.54,1186.72,126,1,4.0,4.4,0.67,40,0
10255,26.0,West,Beauty,UPI,7,13416.93,923.66,605,2,4.5,4.3,0.3,79,0
10256,18.0,South,Electronics,Net Banking,2,18770.69,875.57,1060,0,4.8,10.9,0.82,107,0
10257,38.0,South,Sports,COD,7,6012.54,3307.9,1532,2,4.4,6.7,0.4,52,0
10258,50.0,West,Fashion,Card,4,11411.96,1936.18,1446,0,7.1,9.7,0.72,68,0
10259,43.0,East,Beauty,UPI,8,11140.21,1068.47,86,2,3.0,8.0,0.1,13,0
10260,63.0,South,Home,Card,2,3991.62,2460.26,277,0,4.2,4.6,0.75,95,1
10261,29.0,West,Home,Card,4,7426.44,1184.64,155,0,2.8,2.4,0.17,76,0
10262,29.0,South,Sports,COD,8,4297.17,1227.69,147,2,6.2,8.2,0.51,60,0
10263,24.0,East,Fashion,UPI,7,6587.9,2129.66,1508,1,6.0,2.9,0.3,69,0
10264,51.0,West,Beauty,Net Banking,7,9557.05,3260.69,694,0,5.3,2.2,0.15,42,0
10265,23.0,West,Electronics,Card,8,10059.06,3114.92,756,1,1.9,6.6,0.08,63,0
10266,32.0,South,Beauty,UPI,6,5457.97,1947.99,163,0,4.2,8.6,0.05,4,0
10267,27.0,West,Home,Card,2,17374.77,2155.32,176,0,3.6,8.5,0.32,62,0
10268,27.0,North,Beauty,UPI,9,9519.09,2326.9,152,0,5.1,5.6,0.25,59,0
10269,20.0,South,Home,COD,7,14907.11,500.36,539,0,3.3,5.2,0.15,42,0
10270,24.0,East,Home,Net Banking,9,10380.44,1758.02,246,1,4.8,12.7,0.41,12,0
10271,37.0,West,Electronics,COD,8,14825.31,1775.42,616,0,6.9,4.4,0.79,74,0
10272,47.0,North,Fashion,Card,6,12335.06,3430.01,1553,0,4.3,4.7,0.71,89,1
10273,39.0,South,Home,UPI,4,13634.16,2143.26,1281,0,5.3,10.1,0.52,57,0
10274,57.0,North,Electronics,Net Banking,7,2253.46,1149.36,231,1,6.8,7.5,0.66,71,0
10275,22.0,North,Fashion,UPI,7,12059.34,1741.8,569,0,3.5,7.6,0.52,34,0
10276,24.0,East,Fashion,UPI,6,17893.97,2336.95,1111,1,4.9,10.5,0.49,57,0
10277,23.0,South,Sports,UPI,8,17550.01,2761.15,34,1,1.8,5.2,0.18,62,0
10278,19.0,South,Home,Card,7,9788.5,2633.52,575,1,6.8,5.0,0.69,77,0
10279,47.0,South,Electronics,COD,7,20801.3,2209.53,1515,2,5.3,5.5,0.35,49,0
10280,18.0,South,Beauty,COD,4,3025.05,319.44,939,1,5.2,4.4,0.62,100,1
10281,56.0,South,Beauty,Card,6,10110.82,1665.72,93,1,5.6,4.3,0.07,61,0
10282,27.0,South,Electronics,UPI,6,15197.73,1743.83,245,0,3.1,5.5,0.7,81,0
10283,30.0,North,Electronics,Net Banking,6,9534.84,1913.07,96,0,5.2,10.0,0.79,40,0
10284,44.0,South,Beauty,Card,7,14787.49,2633.13,204,3,5.4,8.8,0.4,10,0
10285,39.0,East,Sports,Card,4,10952.28,4856.83,789,0,5.8,8.6,0.34,67,0
10286,18.0,North,Beauty,COD,7,19456.54,2912.51,299,1,6.5,3.7,0.84,75,1
10287,24.0,South,Sports,UPI,5,8580.03,1353.87,424,3,4.6,3.8,0.22,35,0
10288,56.0,West,Beauty,UPI,4,9814.81,1545.72,1015,1,5.8,13.9,0.13,57,0
10289,59.0,East,Home,UPI,3,10705.42,1775.5,795,4,3.9,1.9,0.7,47,0
10290,62.0,East,Sports,Card,6,15170.08,4539.77,1424,0,4.1,8.0,0.38,33,0
10291,55.0,South,Fashion,UPI,9,13845.28,354.19,129,0,4.1,1.0,0.63,82,0
10292,31.0,East,Home,UPI,4,8290.56,2073.08,307,0,5.8,3.8,0.65,94,1
10293,25.0,West,Electronics,COD,6,3930.5,981.05,1091,1,4.0,3.2,0.14,51,1
10294,27.0,West,Beauty,UPI,5,13768.95,5011.67,744,1,4.5,9.4,0.76,66,0
10295,37.0,East,Sports,Card,2,9894.77,3991.28,1286,0,2.2,5.8,0.74,85,0
10296,21.0,South,Home,UPI,5,6053.01,926.27,1442,2,2.8,7.9,0.65,55,0
10297,46.0,East,Electronics,Net Banking,6,9852.25,1871.45,1267,0,3.1,6.2,0.16,73,0
10298,26.0,East,Home,UPI,8,9843.92,1817.24,1322,1,4.6,5.4,0.63,51,0
10299,31.0,West,Sports,Net Banking,6,1588.52,927.12,1278,2,4.6,5.4,0.26,30,0
10300,57.0,North,Electronics,COD,10,12155.41,3455.55,1105,1,4.4,9.0,0.77,50,0
10301,32.0,West,Electronics,UPI,8,7144.28,1527.62,1146,0,5.3,7.0,0.76,50,0
10302,59.0,West,Sports,COD,5,9129.75,2211.24,1110,1,5.2,8.5,0.56,41,0
10303,35.0,East,Electronics,Card,3,13708.98,1328.8,765,1,6.3,7.1,0.07,58,0
10304,31.0,South,Beauty,UPI,3,6584.98,3535.85,687,1,2.7,6.9,0.54,86,1
10305,32.0,South,Fashion,COD,9,12977.8,338.2,1220,0,2.2,4.4,0.42,74,0
10306,62.0,North,Beauty,COD,7,13734.12,2782.53,1027,0,5.3,7.9,0.49,39,0
10307,39.0,North,Fashion,COD,5,16057.23,1556.02,389,0,1.0,2.8,0.57,39,0
10308,35.0,South,Beauty,UPI,4,24672.19,2545.28,1477,0,4.9,10.5,0.32,23,0
10309,63.0,South,Beauty,Card,8,4205.77,2342.01,144,0,4.5,4.5,0.2,51,0
10310,23.0,North,Electronics,COD,5,16807.97,919.69,1121,1,4.6,1.0,0.79,66,0
10311,52.0,West,Sports,UPI,5,4270.37,1399.83,1313,3,6.5,7.4,0.23,75,0
10312,62.0,North,Electronics,UPI,5,23429.03,3686.34,273,0,5.4,9.7,0.3,45,0
10313,52.0,South,Fashion,Net Banking,5,5987.5,925.75,607,2,4.9,7.2,0.41,106,0
10314,37.0,North,Electronics,UPI,1,11129.12,847.32,60,0,5.4,5.2,0.57,46,0
10315,63.0,South,Electronics,COD,2,6406.04,1637.31,451,0,2.9,10.7,0.13,76,0
10316,55.0,East,Home,Card,2,17701.41,270.58,1343,1,6.4,6.5,0.24,43,0
10317,52.0,West,Electronics,Card,5,10508.6,1560.06,521,2,2.2,12.1,0.57,24,0
10318,29.0,North,Electronics,Card,7,9706.68,3063.43,817,1,6.5,1.0,0.16,72,1
10319,56.0,South,Sports,COD,4,4558.85,836.9,1436,1,6.0,5.0,0.43,70,0
10320,34.0,East,Fashion,UPI,5,13002.55,1731.06,1167,0,6.4,8.3,0.19,64,0
10321,33.0,South,Beauty,Net Banking,6,11653.87,3547.26,815,0,5.8,9.3,0.26,2,0
10322,44.0,North,Sports,Card,3,27398.55,790.59,1103,0,5.7,4.8,0.27,79,0
10323,46.0,South,Fashion,UPI,5,17642.73,1339.77,1387,2,7.1,8.7,0.19,58,0
10324,41.0,North,Electronics,UPI,7,5882.56,2827.91,264,0,2.9,9.8,0.52,55,0
10325,55.0,East,Beauty,UPI,7,5337.73,1364.34,74,1,4.6,6.5,0.66,48,0
10326,28.0,North,Electronics,Card,7,4008.31,1991.95,1479,0,2.5,7.5,0.35,54,0
10327,53.0,North,Electronics,UPI,9,8946.51,4263.17,510,1,1.3,5.3,0.13,61,0
10328,34.0,South,Home,Card,5,7200.76,2097.65,356,3,5.4,6.6,0.33,46,0
10329,52.0,East,Electronics,UPI,3,15597.18,291.67,1449,3,2.9,6.2,0.41,63,0
10330,51.0,South,Electronics,UPI,3,8183.5,3675.47,969,1,8.1,8.5,0.53,115,0
10331,65.0,West,Beauty,UPI,9,9040.05,3759.54,1509,0,3.5,10.2,0.51,34,0
10332,25.0,East,Beauty,Card,5,10942.25,832.52,930,1,4.7,12.6,0.74,75,0
10333,24.0,East,Fashion,Card,8,16199.16,3686.77,173,1,2.6,8.4,0.08,27,0
10334,29.0,South,Electronics,UPI,5,7793.7,1613.46,952,2,7.1,5.1,0.52,66,0
10335,23.0,North,Electronics,UPI,6,8327.62,5306.45,1427,0,5.7,8.3,0.7,91,0
10336,44.0,South,Electronics,Card,4,11699.49,3289.16,596,1,2.1,7.3,0.64,105,0
10337,34.0,West,Home,COD,6,3741.38,2125.23,219,0,5.6,13.1,0.34,41,0
10338,18.0,North,Home,UPI,5,16296.65,1038.59,1256,1,5.9,11.7,0.82,88,0
10339,63.0,North,Home,Card,6,16100.09,3188.94,1080,1,4.0,4.7,0.22,53,0
10340,24.0,West,Electronics,Card,4,10738.24,1237.69,1477,0,4.3,6.4,0.31,74,0
10341,24.0,North,Beauty,COD,7,6834.18,596.38,1227,0,4.0,6.6,0.57,63,0
10342,36.0,South,Beauty,COD,4,3919.48,1884.89,44,0,6.0,10.6,0.39,47,0
10343,22.0,South,Sports,COD,4,11411.63,1357.2,1329,2,5.7,5.7,0.83,73,1
10344,18.0,North,Home,Card,5,7901.4,3297.74,1412,3,4.2,1.8,0.3,73,1
10345,20.0,South,Sports,UPI,6,7553.58,4940.2,1085,1,5.5,5.0,0.73,59,0
10346,64.0,East,Home,UPI,7,9426.63,1279.34,1372,1,3.2,1.0,0.5,46,0
10347,53.0,South,Sports,UPI,6,10988.08,2007.51,1590,1,6.1,6.1,0.68,85,0
10348,65.0,East,Fashion,UPI,8,12049.48,1543.01,1451,0,4.7,4.8,0.19,28,0
10349,65.0,West,Electronics,Card,7,3495.59,2279.94,970,0,5.4,10.4,0.42,87,0
10350,39.0,East,Home,Net Banking,4,13272.39,3770.68,1022,0,1.5,8.9,0.06,63,0
10351,37.0,South,Sports,COD,8,11910.95,2797.23,293,1,3.8,4.9,0.61,20,0
10352,46.0,East,Electronics,Card,2,1350.78,887.22,740,0,7.2,5.6,0.7,126,1
10353,24.0,North,Electronics,UPI,10,5745.24,2587.69,389,1,4.0,6.6,0.73,26,0
10354,48.0,South,Beauty,UPI,5,28082.65,1000.68,935,0,3.3,7.1,0.45,85,0
10355,47.0,West,Electronics,UPI,10,19581.03,2226.98,831,1,5.1,9.6,0.12,40,0
10356,32.0,West,Beauty,UPI,10,12098.02,2456.83,324,2,5.5,7.6,0.06,41,0
10357,44.0,West,Electronics,Card,3,9233.04,1428.39,230,1,4.8,4.9,0.18,76,1
10358,48.0,South,Beauty,UPI,9,14140.03,4260.56,999,1,3.8,8.7,0.76,61,0
10359,63.0,South,Electronics,COD,3,12341.04,3113.41,320,1,6.8,3.1,0.13,50,0
10360,45.0,West,Fashion,Card,3,11054.29,1215.45,1068,1,3.7,10.2,0.84,95,0
10361,54.0,East,Fashion,Card,4,12061.4,4298.67,1130,0,4.1,11.7,0.35,58,0
10362,30.0,West,Beauty,Net Banking,7,16151.56,2079.13,1171,0,5.3,3.7,0.12,43,0
10363,61.0,South,Fashion,Card,6,16981.58,476.08,972,0,3.8,13.9,0.51,73,0
10364,53.0,South,Sports,Card,5,6558.58,3693.89,930,0,5.3,14.0,0.29,30,0
10365,44.0,West,Fashion,Net Banking,9,14412.6,1673.02,814,0,4.6,11.3,0.25,1,0
10366,63.0,East,Home,Card,5,9714.27,1920.3,1093,0,6.7,9.3,0.81,50,0
10367,60.0,East,Electronics,Card,6,3632.41,860.21,1504,1,1.9,7.8,0.8,44,0
10368,63.0,South,Electronics,UPI,7,11653.09,1199.39,322,0,5.1,7.8,0.23,59,0
10369,61.0,North,Home,Card,6,16881.17,1362.17,1481,1,4.0,9.6,0.51,74,0
10370,40.0,West,Home,UPI,9,16000.77,885.72,602,0,5.4,9.3,0.54,25,0
10371,55.0,South,Home,UPI,6,13816.55,985.05,742,0,3.2,8.2,0.8,85,0
10372,41.0,South,Home,Card,5,14929.89,3425.6,1597,1,6.5,8.2,0.62,61,0
10373,43.0,East,Beauty,Card,6,8971.04,1567.05,116,1,3.6,4.9,0.51,32,0
10374,39.0,North,Electronics,UPI,4,28751.96,2083.61,216,1,1.8,5.1,0.85,71,0
10375,61.0,East,Beauty,COD,5,4515.15,5525.07,1408,0,5.0,11.9,0.2,58,0
10376,26.0,South,Beauty,Card,5,12319.24,2263.88,306,0,4.3,2.2,0.78,95,1
10377,51.0,South,Home,COD,8,1418.17,2634.86,1542,0,3.6,4.5,0.41,48,0
10378,57.0,West,Fashion,Card,3,3440.62,1491.48,198,1,2.8,9.8,0.12,64,0
10379,47.0,South,Electronics,Card,5,19031.73,2913.28,1010,1,5.3,6.9,0.66,45,0
10380,51.0,South,Beauty,UPI,4,9041.12,3052.68,1204,1,4.3,1.5,0.83,92,1
10381,39.0,South,Home,UPI,5,3542.91,1765.72,1475,0,1.0,8.4,0.73,47,0
10382,38.0,East,Home,UPI,7,7852.05,582.51,514,1,7.1,4.5,0.19,66,1
10383,39.0,South,Beauty,Card,10,3876.38,2586.18,1561,1,3.3,8.2,0.11,25,0
10384,44.0,East,Fashion,Card,5,6941.63,3032.15,1247,0,6.0,7.5,0.65,88,0
10385,64.0,North,Sports,COD,5,15519.44,2391.76,756,0,5.8,9.0,0.29,66,0
10386,32.0,West,Home,UPI,6,10021.73,1800.23,1108,0,3.2,4.1,0.2,59,0
10387,65.0,East,Electronics,UPI,5,12854.65,3720.54,797,0,2.8,4.4,0.51,80,0
10388,49.0,West,Home,COD,7,5932.3,3739.91,89,1,5.1,8.2,0.1,33,0
10389,22.0,West,Sports,COD,6,11418.76,1977.0,1383,1,5.9,5.8,0.45,46,0
10390,18.0,South,Sports,Net Banking,6,12379.52,785.58,1297,0,5.6,3.0,0.54,58,0
10391,49.0,West,Sports,UPI,5,6208.99,769.63,642,1,5.5,8.1,0.08,32,0
10392,44.0,South,Beauty,Card,3,8950.68,1240.92,1393,0,6.7,7.5,0.7,77,0
10393,63.0,North,Beauty,UPI,2,16791.11,418.86,1175,0,5.7,7.6,0.56,88,0
10394,56.0,East,Sports,Card,4,13703.61,1215.03,474,2,2.9,9.0,0.28,53,0
10395,55.0,South,Beauty,Net Banking,8,1702.9,1400.12,1329,1,2.9,5.9,0.33,24,0
10396,61.0,East,Home,Card,5,5781.25,3227.94,533,1,3.5,9.9,0.52,48,0
10397,21.0,West,Fashion,Card,6,8597.79,1643.0,203,3,4.6,1.0,0.28,13,0
10398,20.0,East,Sports,COD,7,6871.99,1449.17,1276,1,3.5,7.1,0.19,72,0
10399,56.0,West,Fashion,UPI,8,4305.41,2131.57,368,1,3.5,5.0,0.49,41,0
10400,43.0,West,Beauty,UPI,2,5088.72,2644.52,727,1,6.5,8.2,0.48,85,1
10401,59.0,East,Sports,UPI,5,15898.42,2783.44,1304,1,5.3,7.3,0.84,77,0
10402,26.0,North,Electronics,COD,6,9734.25,2305.34,446,0,6.3,7.0,0.41,52,0
10403,44.0,South,Fashion,UPI,6,11175.29,1916.34,1255,1,4.2,4.3,0.46,29,0
10404,65.0,West,Sports,Card,6,3769.82,3036.38,1314,0,5.1,8.0,0.16,67,0
10405,38.0,South,Fashion,UPI,8,9944.25,2455.04,957,1,4.5,7.4,0.68,58,0
10406,29.0,East,Sports,Card,9,6402.48,1666.51,654,1,6.2,4.9,0.18,36,0
10407,34.0,South,Home,UPI,3,10411.93,1116.74,1366,2,6.0,5.7,0.66,91,1
10408,29.0,North,Electronics,UPI,3,3487.24,2267.32,1189,1,5.2,5.1,0.67,108,1
10409,36.0,North,Sports,Card,8,10888.86,3570.77,976,0,5.7,7.7,0.33,36,0
10410,46.0,West,Beauty,UPI,6,14317.93,436.87,849,1,4.0,7.5,0.79,84,1
10411,59.0,West,Home,UPI,5,9704.91,1128.34,623,0,4.2,8.8,0.82,64,0
10412,57.0,East,Fashion,UPI,7,20408.66,1095.25,361,1,1.0,7.4,0.05,22,0
10413,39.0,East,Sports,Card,5,28448.1,2153.16,183,1,3.5,4.9,0.33,39,0
10414,34.0,East,Fashion,UPI,5,5080.58,3222.92,124,0,1.8,8.3,0.53,55,0
10415,28.0,North,Sports,UPI,5,992.54,1197.77,802,3,8.0,4.9,0.6,95,1
10416,37.0,East,Electronics,COD,3,8422.67,2409.73,219,0,6.9,10.4,0.17,52,0
10417,37.0,South,Electronics,UPI,7,13491.46,3803.59,805,0,2.0,6.6,0.05,35,0
10418,45.0,West,Electronics,UPI,4,14379.81,3905.11,1491,1,4.8,11.6,0.47,65,0
10419,38.0,East,Sports,COD,6,4599.61,1862.39,1086,0,2.8,11.7,0.1,4,0
10420,38.0,South,Electronics,Net Banking,6,4568.21,1825.23,1540,0,9.1,7.7,0.37,68,0
10421,50.0,South,Home,Card,7,1814.69,6299.33,1310,1,6.6,9.6,0.06,12,0
10422,29.0,South,Fashion,Card,7,11381.13,1996.33,442,0,3.1,4.3,0.59,113,1
10423,43.0,North,Beauty,Card,6,6239.92,940.6,1430,2,7.3,10.2,0.23,63,0
10424,59.0,South,Home,Card,3,13740.56,2563.84,360,0,3.7,9.3,0.34,36,0
10425,23.0,East,Sports,Card,3,5394.14,1450.07,1067,1,5.9,6.1,0.72,52,0
10426,35.0,West,Electronics,Net Banking,5,13789.84,4216.19,689,1,6.4,9.7,0.43,64,0
10427,31.0,East,Electronics,COD,4,19971.4,1119.99,1108,1,4.3,10.7,0.13,69,0
10428,63.0,South,Sports,UPI,6,11512.82,2796.99,1577,0,1.7,2.8,0.43,38,0
10429,50.0,North,Fashion,COD,7,2927.18,4058.46,106,0,6.9,12.3,0.05,4,0
10430,50.0,West,Beauty,Card,5,4873.56,4182.79,452,3,4.7,6.9,0.28,70,0
10431,57.0,West,Sports,UPI,4,4743.08,1110.31,635,0,2.8,1.4,0.33,64,1
10432,21.0,West,Home,COD,4,19697.06,2838.61,915,0,5.4,1.2,0.22,57,0
10433,36.0,North,Home,Card,5,9990.82,387.45,612,2,7.8,8.5,0.79,77,1
10434,29.0,West,Electronics,Card,7,3443.94,2663.24,450,2,4.2,7.0,0.41,43,0
10435,52.0,North,Sports,UPI,4,7134.94,2185.12,1433,1,3.6,5.9,0.18,91,1
10436,43.0,South,Fashion,Net Banking,7,10478.18,2687.52,1261,0,3.8,9.5,0.12,68,0
10437,44.0,South,Home,COD,8,6595.41,1097.45,1033,1,4.0,5.2,0.27,3,0
10438,42.0,West,Sports,Card,4,6066.55,2931.25,1397,1,3.2,3.3,0.57,69,0
10439,60.0,North,Fashion,UPI,5,4544.59,6146.14,586,0,5.2,4.9,0.69,114,1
10440,51.0,East,Sports,Net Banking,6,6294.79,5076.44,1111,0,8.6,3.8,0.18,51,0
10441,22.0,North,Electronics,COD,7,2803.49,4021.86,227,1,2.2,6.3,0.12,78,0
10442,37.0,South,Beauty,Card,8,5853.18,709.42,1459,0,1.0,7.3,0.26,79,0
10443,35.0,South,Home,UPI,7,19050.68,1990.67,1236,1,3.9,7.1,0.53,61,0
10444,29.0,East,Electronics,UPI,6,11604.67,2717.32,888,0,5.9,9.3,0.55,36,0
10445,30.0,North,Electronics,COD,5,4824.55,2719.73,879,1,4.2,7.5,0.07,58,0
10446,34.0,East,Sports,COD,3,21922.55,1489.3,1393,0,6.1,3.9,0.53,65,1
10447,35.0,West,Fashion,UPI,7,3915.41,3211.03,1383,0,4.9,5.8,0.61,70,0
10448,34.0,South,Electronics,UPI,4,7272.7,1829.13,1236,0,3.4,12.6,0.28,69,0
10449,46.0,South,Beauty,COD,6,9248.72,4598.01,893,2,4.4,7.7,0.54,47,0
10450,54.0,North,Sports,UPI,9,6995.25,1054.23,1031,0,4.6,5.1,0.8,55,0
10451,53.0,East,Electronics,Card,6,12204.5,2860.2,853,3,4.9,5.1,0.35,73,0
10452,25.0,South,Fashion,UPI,6,8656.49,2657.25,1503,1,4.0,6.7,0.76,55,0
10453,27.0,North,Electronics,COD,8,4155.45,2848.15,962,1,2.9,6.0,0.35,99,0
10454,22.0,South,Home,UPI,4,1427.51,5819.1,90,0,3.7,3.9,0.19,47,0
10455,46.0,South,Home,UPI,9,4902.79,492.85,1236,0,1.6,12.6,0.41,14,0
10456,41.0,West,Fashion,Card,6,2876.99,695.08,646,0,5.4,5.1,0.38,73,1
10457,38.0,North,Beauty,Net Banking,6,11414.31,3278.09,1070,3,6.7,7.8,0.06,45,0
10458,35.0,West,Home,Net Banking,5,13191.34,1039.37,148,0,2.0,9.6,0.67,52,0
10459,37.0,South,Sports,Card,7,3263.94,2526.28,950,1,3.2,8.1,0.26,85,0
10460,53.0,West,Home,UPI,6,15286.08,645.28,1384,2,2.4,5.2,0.26,46,0
10461,22.0,North,Fashion,COD,6,5229.74,3053.33,1154,0,4.6,5.7,0.51,53,0
10462,55.0,North,Fashion,COD,4,6390.33,1373.32,859,0,4.0,10.1,0.57,52,0
10463,63.0,North,Sports,Net Banking,3,10024.35,2134.16,968,2,2.9,9.8,0.72,87,0
10464,29.0,North,Sports,Card,5,3371.38,1718.67,609,0,5.9,6.1,0.53,45,0
10465,63.0,West,Fashion,Card,5,10079.29,231.47,1237,0,5.0,10.0,0.54,28,0
10466,32.0,South,Fashion,Net Banking,5,3689.87,1855.51,1085,0,6.0,8.1,0.76,82,1
10467,23.0,South,Home,UPI,5,13104.29,3180.49,424,0,6.4,8.4,0.16,86,0
10468,28.0,North,Home,UPI,10,8607.13,1309.21,86,1,5.5,5.3,0.47,45,0
10469,19.0,North,Sports,Card,6,14124.03,4567.29,1050,0,2.7,6.1,0.81,84,0
10470,64.0,West,Home,UPI,4,8109.47,1361.78,240,0,2.1,8.5,0.65,108,1
10471,51.0,North,Sports,UPI,5,819.98,656.21,1530,0,3.4,8.9,0.37,78,0
10472,25.0,West,Electronics,COD,12,9251.25,3696.15,471,0,4.4,3.6,0.11,44,0
10473,39.0,West,Beauty,Card,4,13391.12,2319.07,889,1,6.2,12.3,0.43,69,0
10474,56.0,West,Electronics,Card,8,25642.12,350.06,1452,0,5.7,4.6,0.45,36,0
10475,19.0,West,Sports,UPI,3,19905.38,952.81,933,3,5.7,7.2,0.49,62,0
10476,43.0,South,Fashion,COD,7,7067.94,2843.32,1432,0,7.8,8.4,0.62,62,0
10477,37.0,East,Electronics,Card,6,1701.77,893.45,1577,0,6.1,6.2,0.09,29,0
10478,29.0,North,Fashion,UPI,8,13627.67,1454.71,464,0,6.6,9.0,0.44,77,0
10479,47.0,South,Home,Net Banking,8,32434.81,2578.28,1495,0,2.5,4.6,0.07,44,0
10480,37.0,South,Home,Card,10,24094.81,3327.57,1540,0,4.6,2.1,0.18,21,0
10481,41.0,West,Sports,Card,5,4381.99,1597.17,568,1,5.9,7.7,0.31,48,0
10482,27.0,South,Electronics,COD,4,10857.75,1858.33,735,1,8.1,10.6,0.4,89,1
10483,39.0,West,Home,COD,5,23087.85,1798.34,558,1,5.2,6.7,0.8,93,0
10484,54.0,North,Home,UPI,9,13176.38,5217.02,773,0,3.9,7.3,0.3,4,0
10485,21.0,North,Home,UPI,7,12408.91,709.4,1401,0,5.4,2.7,0.47,40,0
10486,33.0,North,Sports,UPI,5,9491.98,1164.29,1472,1,5.5,8.1,0.72,73,0
10487,40.0,South,Fashion,Card,4,11229.86,1528.98,529,1,4.1,5.9,0.59,77,1
10488,61.0,North,Fashion,Card,9,16585.65,3401.54,452,1,6.5,10.6,0.16,20,0
10489,27.0,South,Sports,Card,10,18586.45,3262.41,639,2,5.4,7.7,0.36,24,0
10490,50.0,South,Sports,COD,8,6242.81,1616.08,325,0,5.3,8.8,0.6,42,0
10491,46.0,West,Home,Card,8,4737.39,2006.87,406,1,1.5,4.3,0.44,42,0
10492,65.0,South,Sports,UPI,6,4356.61,5084.66,1246,0,5.4,6.3,0.25,41,0
10493,39.0,East,Electronics,Net Banking,4,12509.72,1440.47,847,2,7.4,4.9,0.71,79,0
10494,31.0,South,Beauty,Card,6,15552.24,1569.41,599,0,2.7,8.1,0.59,56,0
10495,29.0,West,Sports,Card,9,14323.81,3894.19,255,1,5.2,5.6,0.79,41,0
10496,65.0,South,Electronics,COD,10,5219.34,3992.67,902,1,3.8,12.0,0.42,45,0
10497,22.0,South,Beauty,UPI,7,7203.22,972.22,95,1,5.6,10.3,0.46,54,0
10498,19.0,South,Home,COD,8,12934.93,1715.35,1236,0,4.5,3.5,0.45,29,0
10499,32.0,South,Fashion,Card,5,15634.51,2075.09,624,1,7.7,6.5,0.65,80,0
10500,24.0,East,Fashion,COD,5,9053.87,1667.07,612,1,2.7,1.5,0.43,63,1
10501,29.0,North,Home,UPI,9,13085.04,2075.77,1408,1,7.4,7.7,0.43,9,0
10502,65.0,West,Sports,UPI,5,5361.48,1763.8,216,2,5.8,7.3,0.79,77,0
10503,40.0,North,Sports,Card,3,9054.3,5093.8,213,0,5.4,12.1,0.17,67,0
10504,47.0,North,Fashion,Net Banking,6,2916.08,3001.06,900,1,3.6,9.9,0.55,83,0
10505,26.0,North,Beauty,COD,5,3225.71,3218.12,1516,1,3.4,3.4,0.36,73,1
10506,50.0,South,Beauty,COD,2,9079.62,1539.32,377,2,2.1,4.5,0.13,87,1
10507,35.0,South,Fashion,COD,8,5970.07,1551.46,228,3,1.2,8.0,0.24,29,0
10508,41.0,West,Beauty,Net Banking,6,19507.85,2251.42,678,0,4.9,10.7,0.22,50,0
10509,38.0,North,Electronics,UPI,6,9692.25,2348.22,1537,3,5.2,7.8,0.44,55,0
10510,63.0,South,Beauty,COD,5,4236.82,1764.11,295,3,2.1,8.7,0.68,55,0
10511,47.0,South,Home,COD,10,31070.74,2371.29,877,0,2.4,5.8,0.06,23,0
10512,62.0,East,Home,UPI,7,16244.39,2481.47,469,1,4.5,5.2,0.53,54,0
10513,62.0,North,Home,UPI,6,9394.06,1234.46,898,0,1.1,6.9,0.49,62,0
10514,18.0,East,Beauty,UPI,9,14905.96,714.01,206,2,3.8,8.8,0.67,48,0
10515,55.0,South,Beauty,UPI,5,10833.64,1604.44,850,2,6.4,12.5,0.49,95,0
10516,22.0,South,Beauty,UPI,4,4827.58,1490.44,857,1,5.9,10.2,0.38,54,0
10517,32.0,North,Beauty,Card,6,8926.28,2357.61,136,0,3.5,3.9,0.43,81,0
10518,53.0,South,Sports,COD,6,12935.62,1953.01,1130,1,3.5,5.6,0.47,50,0
10519,39.0,West,Fashion,Card,10,6255.29,1970.36,1459,0,5.1,7.2,0.16,42,0
10520,43.0,East,Fashion,Net Banking,5,5383.05,2751.24,695,1,1.9,11.8,0.4,34,0
10521,61.0,North,Electronics,Card,7,15860.35,2799.92,909,1,3.2,9.5,0.07,29,0
10522,60.0,South,Sports,Card,9,3750.08,1715.9,972,0,7.2,9.9,0.58,27,0
10523,48.0,South,Fashion,Card,6,19125.9,2011.28,1165,0,3.5,7.8,0.3,41,0
10524,52.0,South,Home,Card,5,10379.19,3848.45,1122,2,4.4,1.0,0.5,81,1
10525,39.0,East,Home,Net Banking,5,10617.62,1798.18,1578,0,5.2,8.5,0.61,92,1
10526,54.0,South,Home,Card,7,14252.41,2047.18,482,1,8.6,8.2,0.83,45,0
10527,61.0,South,Home,UPI,7,11510.09,2183.39,155,0,3.8,2.1,0.46,56,0
10528,37.0,East,Home,Net Banking,5,25949.86,2177.15,890,1,6.2,6.5,0.42,29,0
10529,38.0,North,Beauty,Card,11,6824.24,1792.08,1412,0,3.7,7.0,0.83,70,0
10530,41.0,South,Home,Card,9,9655.78,574.07,1456,0,6.9,8.6,0.7,85,0
10531,49.0,West,Sports,UPI,8,19742.85,2028.85,565,1,3.5,2.3,0.52,53,0
10532,45.0,West,Home,UPI,4,7704.64,761.4,1508,0,8.7,7.5,0.47,58,0
10533,53.0,North,Beauty,COD,8,7676.13,784.01,1555,1,6.2,12.0,0.32,38,0
10534,23.0,South,Electronics,COD,2,9102.62,1916.07,1334,1,2.8,5.2,0.49,66,0
10535,29.0,West,Fashion,Card,6,7216.47,1747.07,700,1,6.4,5.4,0.24,44,1
10536,36.0,West,Beauty,UPI,7,8528.74,1676.81,1268,1,4.1,8.5,0.3,28,0
10537,57.0,East,Home,UPI,8,4042.07,4033.43,786,1,4.9,12.9,0.35,29,0
10538,45.0,West,Fashion,UPI,6,9554.09,831.63,453,0,4.8,3.9,0.71,70,0
10539,27.0,North,Sports,COD,8,4952.92,3092.0,317,0,5.7,9.6,0.63,17,0
10540,42.0,South,Sports,UPI,8,7726.81,1428.97,619,1,5.5,9.3,0.23,26,0
10541,21.0,South,Sports,COD,4,8396.29,992.88,1164,0,5.2,6.1,0.85,85,1
10542,29.0,North,Fashion,COD,13,10927.49,6294.85,1572,0,1.9,8.4,0.51,34,0
10543,46.0,South,Home,UPI,6,8939.59,5973.08,708,0,3.3,7.8,0.26,19,0
10544,49.0,North,Sports,UPI,5,13110.78,2372.63,931,0,8.1,8.6,0.15,51,0
10545,36.0,West,Electronics,Card,2,15175.06,6250.79,509,1,6.2,3.6,0.59,85,1
10546,25.0,South,Electronics,COD,9,3822.93,1321.46,1105,0,5.0,5.4,0.53,43,0
10547,59.0,South,Beauty,COD,6,5699.49,2745.25,1176,2,3.4,5.1,0.81,48,0
10548,18.0,South,Beauty,UPI,4,8506.79,2736.14,407,2,4.2,2.6,0.59,73,0
10549,62.0,East,Electronics,UPI,7,6937.77,3548.18,1247,0,6.2,6.5,0.61,30,0
10550,21.0,West,Home,Net Banking,3,4295.18,2167.31,559,0,2.8,6.2,0.78,73,0
10551,65.0,West,Home,UPI,7,1585.66,2665.93,1597,1,2.9,9.4,0.17,48,0
10552,45.0,East,Electronics,Net Banking,10,9424.54,3274.87,744,3,1.0,8.2,0.77,41,0
10553,64.0,East,Electronics,UPI,6,6373.59,1411.43,1509,2,2.0,10.7,0.4,68,0
10554,40.0,West,Home,Card,5,16442.84,2188.64,186,1,4.2,1.0,0.15,80,0
10555,23.0,South,Fashion,Card,9,19951.47,3524.26,183,0,4.4,12.4,0.13,41,0
10556,18.0,West,Home,UPI,5,17415.12,1834.98,735,1,4.8,10.6,0.12,24,0
10557,62.0,West,Electronics,UPI,8,4918.37,2817.92,1551,0,4.4,7.8,0.19,65,0
10558,43.0,South,Beauty,UPI,4,9544.58,1089.2,696,2,6.0,3.7,0.55,84,1
10559,57.0,North,Beauty,UPI,6,5247.11,1872.49,1346,0,2.2,8.7,0.16,57,0
10560,49.0,East,Beauty,UPI,5,15673.0,3064.15,1563,0,2.1,4.2,0.58,71,0
10561,39.0,South,Sports,UPI,8,11910.55,2206.67,713,0,4.7,6.7,0.38,36,0
10562,62.0,North,Beauty,UPI,7,8355.95,5290.83,416,2,4.7,9.5,0.67,70,0
10563,36.0,North,Electronics,Card,10,15560.29,2119.82,1120,0,5.0,7.5,0.17,43,0
10564,40.0,South,Electronics,Net Banking,5,9989.83,1097.34,56,2,5.9,6.1,0.38,96,1
10565,25.0,South,Sports,UPI,7,6013.74,1478.61,712,2,3.4,9.1,0.52,32,0
10566,45.0,South,Electronics,Card,6,4038.15,3282.56,665,0,5.9,5.4,0.21,30,0
10567,60.0,West,Home,Card,5,5415.28,803.76,1596,1,4.6,8.6,0.15,58,0
10568,31.0,South,Beauty,COD,10,4967.67,958.81,1347,0,2.9,7.1,0.28,16,0
10569,20.0,East,Home,Card,6,25251.95,512.38,1185,0,4.9,5.8,0.77,76,0
10570,46.0,East,Fashion,UPI,7,16311.72,3079.89,405,0,3.7,6.7,0.72,74,0
10571,59.0,South,Sports,COD,4,5530.27,2445.13,774,0,1.9,1.0,0.6,81,1
10572,49.0,South,Electronics,Net Banking,1,26432.43,830.37,717,1,5.5,9.6,0.31,79,0
10573,52.0,North,Electronics,Net Banking,8,23067.63,1189.34,1386,0,6.8,8.8,0.28,69,0
10574,65.0,South,Home,Card,3,14529.12,651.03,1304,2,4.3,3.7,0.11,65,1
10575,22.0,North,Electronics,UPI,4,4032.35,4182.37,800,0,2.0,7.3,0.82,60,0
10576,38.0,South,Beauty,Card,6,6625.13,1845.0,157,1,1.3,3.8,0.36,72,1
10577,35.0,North,Sports,UPI,5,15946.29,1886.35,994,3,3.5,1.9,0.25,74,0
10578,20.0,South,Fashion,Card,8,14031.55,2789.43,480,1,4.2,9.5,0.36,68,0
10579,38.0,South,Sports,Card,7,10581.62,2665.35,1124,1,3.9,8.8,0.85,80,0
10580,54.0,West,Electronics,UPI,7,11648.06,1072.12,414,0,1.8,4.2,0.53,63,0
10581,32.0,North,Electronics,UPI,7,6575.57,2999.24,231,1,4.9,9.2,0.29,26,0
10582,41.0,North,Electronics,UPI,8,10682.58,1156.82,1044,2,4.6,2.8,0.45,86,0
10583,25.0,North,Sports,Card,3,4162.18,2887.08,1559,0,4.0,5.7,0.18,49,0
10584,36.0,South,Home,UPI,6,12303.92,3881.58,595,0,4.5,5.5,0.15,59,0
10585,30.0,North,Beauty,Card,7,10185.68,4700.53,1558,0,1.9,5.1,0.83,75,0
10586,20.0,East,Home,UPI,6,9159.9,2399.91,1459,1,4.0,9.2,0.66,52,0
10587,64.0,West,Beauty,Card,7,18333.7,4234.5,598,0,3.8,1.0,0.19,34,0
10588,21.0,East,Home,UPI,10,8603.83,2067.71,302,1,6.7,5.7,0.48,69,0
10589,24.0,East,Fashion,Card,4,9324.28,3485.18,886,2,3.0,11.3,0.31,68,0
10590,35.0,South,Fashion,UPI,3,5898.99,2231.01,258,0,4.3,3.1,0.09,69,1
10591,65.0,North,Beauty,UPI,4,4439.93,110.08,785,4,4.7,6.7,0.75,61,0
10592,47.0,West,Fashion,UPI,4,1038.96,2693.45,315,0,1.3,6.4,0.82,77,0
10593,54.0,East,Fashion,UPI,5,6419.29,3360.06,370,1,4.2,8.1,0.21,9,0
10594,35.0,South,Home,UPI,8,5943.47,4663.38,271,2,6.7,6.6,0.75,62,0
10595,48.0,North,Sports,COD,5,15124.04,1210.44,1404,0,6.2,2.4,0.65,82,1
10596,53.0,North,Home,Net Banking,5,5370.97,1741.88,501,2,3.9,1.0,0.33,75,1
10597,28.0,South,Sports,COD,7,16296.64,973.84,90,1,5.0,6.8,0.36,57,0
10598,44.0,West,Home,UPI,6,3545.56,3378.46,135,2,4.4,6.7,0.16,64,0
10599,33.0,South,Fashion,COD,6,9074.0,1389.21,1183,2,5.1,8.5,0.85,58,0
10600,19.0,West,Home,UPI,6,6086.17,807.29,545,1,5.9,6.4,0.43,75,0
10601,33.0,East,Electronics,Card,5,8748.31,1486.88,101,1,5.5,10.0,0.34,58,1
10602,19.0,North,Sports,UPI,7,18252.28,1387.85,163,0,7.8,3.8,0.19,57,1
10603,25.0,North,Electronics,Net Banking,8,17576.07,2002.1,520,1,4.5,2.8,0.07,17,0
10604,23.0,East,Beauty,COD,5,9465.42,2999.52,1405,1,6.4,4.4,0.07,33,0
10605,54.0,West,Fashion,Net Banking,5,9109.45,5516.57,643,0,4.1,9.8,0.83,84,1
10606,53.0,West,Home,Card,3,14309.18,1179.27,1035,2,7.0,5.5,0.8,77,1
10607,29.0,South,Fashion,Card,6,13593.05,3379.25,1080,0,6.3,7.3,0.24,36,0
10608,21.0,South,Sports,UPI,6,5485.69,475.89,862,1,3.0,4.3,0.48,82,1
10609,24.0,South,Electronics,Card,7,10301.33,3131.23,1204,0,5.2,6.1,0.34,41,0
10610,40.0,South,Fashion,Card,7,6916.26,316.61,371,1,4.6,9.4,0.8,50,0
10611,51.0,North,Beauty,UPI,1,13662.5,959.49,230,1,4.5,11.2,0.14,46,0
10612,52.0,South,Beauty,Card,5,3739.34,1932.17,1047,3,4.8,9.3,0.73,86,1
10613,52.0,South,Sports,Card,3,5087.62,815.74,1347,0,2.7,10.0,0.09,66,0
10614,59.0,West,Fashion,UPI,6,22602.82,3123.88,1303,1,4.4,6.9,0.68,69,1
10615,33.0,North,Fashion,Net Banking,6,2059.35,3563.39,340,0,2.6,11.4,0.44,37,0
10616,30.0,West,Home,UPI,8,15554.69,2722.6,497,0,2.7,11.9,0.28,29,0
10617,51.0,East,Home,UPI,6,8619.02,2046.8,95,0,3.2,4.1,0.32,79,0
10618,37.0,West,Electronics,UPI,7,14635.15,1680.24,632,1,7.4,7.6,0.47,41,0
10619,30.0,East,Electronics,Net Banking,6,5811.42,1080.33,707,1,5.2,11.6,0.78,77,0
10620,64.0,West,Sports,Card,8,13011.23,2212.3,1546,1,3.3,3.9,0.19,38,0
10621,45.0,West,Home,Card,9,3962.21,2611.54,1056,1,4.0,17.0,0.42,50,0
10622,33.0,North,Home,Card,5,10437.35,2542.83,1265,3,4.7,5.1,0.54,88,1
10623,29.0,East,Sports,COD,4,14252.37,2885.04,1200,2,4.1,1.4,0.48,97,1
10624,45.0,South,Sports,UPI,4,5072.85,970.19,335,2,3.7,8.2,0.34,97,1
10625,27.0,West,Beauty,Card,5,6074.09,3253.02,1414,1,3.1,12.9,0.3,53,0
10626,43.0,South,Home,Card,4,15536.08,1020.93,1432,0,4.5,5.0,0.76,105,1
10627,20.0,North,Home,COD,10,6416.34,269.49,410,1,6.4,12.4,0.5,41,0
10628,64.0,South,Fashion,Card,10,4745.14,3067.93,1413,0,1.8,9.0,0.72,47,0
10629,57.0,North,Beauty,Card,8,4890.67,3494.6,578,2,3.5,9.7,0.67,72,0
10630,43.0,South,Fashion,Card,3,15795.56,3337.81,1380,0,4.1,3.9,0.41,97,1
10631,36.0,North,Beauty,COD,6,1997.09,978.78,155,1,4.7,8.9,0.8,89,1
10632,25.0,South,Beauty,UPI,5,3145.61,5467.79,782,0,2.9,3.9,0.12,73,1
10633,39.0,North,Electronics,Card,11,3378.33,1320.25,1010,1,3.9,11.2,0.21,29,0
10634,65.0,East,Electronics,Card,3,40394.65,2746.34,1301,1,2.3,6.9,0.19,85,1
10635,21.0,West,Home,UPI,6,6422.07,2984.58,1538,0,5.8,10.2,0.09,40,0
10636,37.0,North,Beauty,COD,6,7530.92,2232.82,470,2,2.8,6.7,0.76,69,0
10637,63.0,West,Home,Net Banking,4,9163.15,1103.27,386,1,5.0,7.1,0.42,77,0
10638,53.0,North,Beauty,UPI,5,14331.28,1289.79,750,0,2.4,6.0,0.15,38,0
10639,23.0,South,Sports,COD,7,9384.42,2335.81,549,1,7.0,5.1,0.33,26,0
10640,46.0,West,Sports,Card,8,11442.2,1764.54,112,0,6.1,6.7,0.44,37,0
10641,33.0,West,Beauty,COD,8,4732.84,2004.98,858,0,4.3,4.3,0.18,40,0
10642,49.0,South,Electronics,Card,7,6478.21,3530.16,1022,1,3.8,5.8,0.45,30,0
10643,52.0,North,Sports,Card,8,19355.65,1422.27,868,1,4.5,6.6,0.48,88,1
10644,31.0,South,Sports,COD,4,4339.37,500.0,455,1,4.4,12.6,0.34,62,0
10645,21.0,West,Sports,UPI,7,11334.43,2785.35,1345,2,5.3,6.0,0.7,67,0
10646,61.0,South,Fashion,UPI,8,23539.85,1124.97,95,0,3.2,10.4,0.67,48,0
10647,29.0,South,Beauty,COD,9,3355.2,1766.87,1212,0,2.9,6.0,0.3,17,0
10648,35.0,North,Sports,COD,5,12315.97,519.36,741,2,5.5,4.8,0.34,30,0
10649,59.0,South,Electronics,Card,4,8422.64,2890.2,1175,2,5.3,8.9,0.68,82,0
10650,36.0,East,Electronics,COD,7,8193.93,2239.32,726,3,5.4,6.0,0.72,46,1
10651,62.0,East,Beauty,COD,6,8390.62,2940.77,238,0,4.4,10.8,0.08,51,0
10652,34.0,South,Sports,Card,8,8636.01,2059.05,409,3,3.9,8.7,0.45,64,0
10653,37.0,North,Electronics,Card,8,10900.98,1327.47,1431,1,1.3,7.1,0.3,30,0
10654,25.0,North,Home,UPI,7,8305.69,787.25,1407,0,4.8,8.9,0.7,94,0
10655,30.0,South,Sports,Card,7,3384.67,1431.0,302,1,4.8,3.6,0.65,70,0
10656,23.0,West,Fashion,Card,3,22589.26,1102.71,386,0,2.8,5.9,0.84,61,0
10657,59.0,West,Fashion,Net Banking,6,7910.05,1677.56,908,1,2.9,7.7,0.06,74,0
10658,36.0,East,Home,UPI,6,5984.05,3134.87,1434,0,3.0,3.8,0.14,39,0
10659,23.0,North,Beauty,Card,4,18093.44,863.68,264,1,4.2,4.1,0.27,99,0
10660,51.0,North,Beauty,UPI,10,8205.64,5391.77,329,0,3.4,4.3,0.22,64,0
10661,26.0,South,Sports,UPI,6,4027.94,1312.03,1391,0,4.4,10.8,0.67,44,0
10662,47.0,North,Sports,Card,2,10580.89,2033.77,1206,1,3.9,8.6,0.13,66,0
10663,33.0,East,Home,UPI,5,1522.47,1889.92,161,0,3.2,10.1,0.26,48,0
10664,32.0,North,Fashion,UPI,4,3441.03,1353.12,957,2,3.9,7.0,0.46,32,0
10665,34.0,West,Fashion,UPI,12,14443.58,4614.14,441,4,4.3,10.7,0.42,19,0
10666,23.0,West,Beauty,COD,2,18895.22,4027.37,236,1,3.4,10.6,0.56,34,0
10667,46.0,South,Beauty,Card,5,17411.91,2055.7,1177,0,5.3,3.6,0.48,91,1
10668,32.0,North,Sports,Card,11,4545.07,2460.66,594,0,5.8,5.1,0.4,54,0
10669,65.0,West,Fashion,UPI,4,6717.74,2623.72,41,0,4.2,11.4,0.73,81,0
10670,23.0,East,Home,UPI,4,8077.53,1711.48,1466,0,7.8,3.0,0.57,51,1
10671,45.0,West,Fashion,UPI,7,8970.59,3074.29,731,5,5.6,3.2,0.25,32,0
10672,31.0,North,Electronics,Net Banking,4,9245.65,4040.43,602,0,2.9,6.6,0.34,68,1
10673,18.0,North,Beauty,UPI,6,2799.86,4054.18,652,0,1.7,4.8,0.06,61,0
10674,24.0,South,Home,Card,7,11966.06,3590.11,1147,1,4.0,6.6,0.51,64,0
10675,57.0,North,Electronics,UPI,4,31290.85,1097.32,1396,0,5.9,3.5,0.46,95,1
10676,59.0,West,Beauty,UPI,12,11903.79,3065.86,501,1,2.6,6.3,0.78,58,0
10677,45.0,South,Home,UPI,5,5841.86,1551.35,1111,1,5.1,11.1,0.7,52,0
10678,35.0,South,Home,UPI,7,9280.48,1815.21,1141,0,3.6,10.3,0.71,69,0
10679,37.0,South,Sports,UPI,11,1849.85,1730.17,1267,0,4.0,4.4,0.4,72,0
10680,49.0,East,Fashion,UPI,7,21759.82,829.77,919,1,4.9,3.9,0.75,84,0
10681,61.0,North,Beauty,COD,6,17707.08,2152.11,847,2,4.9,8.6,0.55,56,0
10682,24.0,East,Fashion,UPI,5,8255.16,1971.34,342,0,6.2,2.9,0.27,56,0
10683,63.0,South,Beauty,UPI,9,8974.83,4282.11,956,0,2.8,10.1,0.29,1,0
10684,36.0,South,Electronics,UPI,5,9109.09,813.64,1465,0,6.2,8.1,0.79,102,1
10685,28.0,North,Home,COD,9,1117.12,1828.59,892,0,5.9,8.1,0.76,34,0
10686,21.0,West,Home,COD,4,23108.43,1718.45,1006,1,5.4,5.9,0.23,59,0
10687,63.0,West,Electronics,COD,7,5165.82,2451.45,992,2,2.7,10.2,0.44,79,0
10688,57.0,West,Sports,UPI,6,12979.39,1558.25,1159,0,6.0,9.9,0.82,58,0
10689,24.0,East,Sports,Card,9,17975.73,4277.47,546,3,6.6,2.7,0.73,81,1
10690,25.0,West,Sports,Net Banking,7,33054.14,4132.87,821,0,1.8,4.0,0.45,44,0
10691,59.0,South,Electronics,UPI,10,5803.1,3682.69,878,1,1.0,5.4,0.72,47,0
10692,61.0,West,Electronics,COD,5,4301.62,1737.41,812,3,7.1,6.2,0.25,78,1
10693,44.0,East,Electronics,Card,6,8198.96,287.09,1305,1,5.3,7.7,0.76,87,0
10694,54.0,North,Home,UPI,10,13541.25,2532.75,667,0,4.2,7.2,0.48,56,0
10695,53.0,West,Fashion,COD,6,16578.14,1810.57,1500,1,4.2,6.4,0.74,59,0
10696,47.0,South,Beauty,UPI,4,3086.19,2272.84,1409,0,3.8,7.9,0.73,63,0
10697,56.0,North,Fashion,Card,9,13494.82,2782.72,1249,1,3.8,3.5,0.12,31,0
10698,31.0,North,Sports,Net Banking,11,4751.17,3053.48,355,1,7.0,4.0,0.6,55,0
10699,26.0,East,Electronics,Card,11,12635.77,1326.97,1272,2,5.4,11.3,0.32,20,0
10700,36.0,North,Fashion,COD,5,10605.98,2480.96,433,1,2.8,8.3,0.39,65,0
10701,28.0,North,Sports,COD,8,9455.15,2154.93,412,0,3.2,13.3,0.45,60,0
10702,52.0,West,Fashion,Card,4,6307.54,1643.3,736,0,3.6,6.5,0.6,43,0
10703,58.0,West,Sports,COD,7,6675.85,3218.82,552,1,5.3,5.6,0.48,68,0
10704,39.0,South,Beauty,Card,5,6477.57,1134.19,1480,0,7.8,9.7,0.77,59,0
10705,44.0,East,Fashion,UPI,2,23690.45,1816.33,697,3,3.5,9.2,0.72,82,0
10706,56.0,South,Sports,COD,6,7365.18,1189.67,926,1,1.0,14.3,0.31,44,0
10707,29.0,South,Sports,Card,5,19363.32,3103.03,529,2,5.1,8.7,0.71,73,0
10708,31.0,North,Beauty,Card,5,11244.9,1718.67,70,1,4.0,10.0,0.71,48,0
10709,39.0,East,Sports,COD,6,8682.56,2227.12,1051,0,2.1,9.7,0.32,47,0
10710,24.0,South,Fashion,UPI,4,13074.57,412.46,972,1,4.6,6.5,0.68,80,0
10711,21.0,North,Sports,Net Banking,4,26726.94,3261.61,558,2,5.2,3.7,0.64,78,1
10712,41.0,West,Sports,Net Banking,7,9690.94,3179.42,1018,2,5.2,9.9,0.49,50,0
10713,26.0,South,Electronics,Net Banking,8,11498.61,3793.13,566,1,6.5,8.9,0.52,36,0
10714,47.0,West,Beauty,UPI,7,6494.51,2668.08,686,0,1.9,4.2,0.05,59,0
10715,32.0,East,Beauty,Card,3,1507.17,3251.03,1556,1,3.8,7.6,0.52,74,1
10716,28.0,South,Home,COD,8,4433.11,848.55,1425,1,2.4,5.8,0.76,60,0
10717,32.0,South,Fashion,UPI,2,5091.95,2680.43,1102,0,1.0,10.5,0.53,56,0
10718,48.0,South,Sports,Card,6,9236.08,1353.88,1481,0,7.3,5.1,0.36,83,1
10719,46.0,West,Electronics,UPI,4,4280.99,1253.69,984,1,4.0,6.9,0.38,73,0
10720,58.0,East,Beauty,Card,4,7187.31,3328.56,1520,1,6.7,11.0,0.69,61,0
10721,29.0,West,Electronics,COD,7,10779.85,1915.45,243,1,5.9,2.6,0.71,53,1
10722,37.0,West,Sports,UPI,8,12082.95,3886.38,117,0,3.1,3.6,0.43,32,0
10723,36.0,South,Home,UPI,6,3751.79,1994.19,450,6,5.1,13.8,0.55,48,0
10724,46.0,South,Sports,UPI,5,8601.0,3154.14,716,2,3.9,2.7,0.09,40,0
10725,38.0,South,Sports,UPI,6,7942.43,1027.7,510,1,6.2,8.3,0.36,58,0
10726,22.0,East,Sports,UPI,2,3084.55,4528.42,1015,1,6.5,1.0,0.58,80,1
10727,20.0,South,Electronics,Card,8,10015.0,4735.17,608,0,6.3,3.1,0.65,84,0
10728,47.0,West,Fashion,Card,6,6280.61,1251.3,331,2,2.7,5.3,0.69,72,0
10729,34.0,North,Electronics,UPI,4,24715.69,4618.34,1313,0,3.9,3.1,0.26,62,1
10730,60.0,West,Beauty,UPI,8,10649.76,2726.54,1084,0,6.7,12.7,0.43,91,0
10731,25.0,South,Home,COD,8,17148.77,859.75,252,2,2.7,9.4,0.78,69,0
10732,37.0,North,Fashion,Card,5,14162.06,1382.3,912,0,5.7,3.5,0.6,69,0
10733,32.0,South,Home,Net Banking,4,10419.55,712.55,276,0,4.8,7.3,0.71,68,1
10734,37.0,South,Sports,UPI,8,19291.2,1537.68,460,1,6.1,5.2,0.15,62,0
10735,62.0,East,Beauty,Card,6,8211.3,413.03,706,0,3.6,4.6,0.79,87,0
10736,39.0,West,Electronics,UPI,5,3573.0,2582.14,1119,0,3.2,1.0,0.55,87,1
10737,26.0,East,Beauty,UPI,5,5326.98,4984.71,732,0,5.7,9.6,0.44,34,0
10738,35.0,North,Electronics,Net Banking,9,7001.91,1440.38,1318,2,5.6,9.9,0.62,19,0
10739,28.0,South,Fashion,Net Banking,5,4856.79,1815.17,726,1,6.1,4.2,0.2,40,0
10740,45.0,South,Fashion,Net Banking,8,5522.03,1980.81,149,1,7.2,11.3,0.49,47,0
10741,35.0,South,Fashion,UPI,3,3650.12,1282.74,1528,1,2.8,5.2,0.27,82,0
10742,47.0,East,Beauty,UPI,7,8328.03,2689.45,1289,1,3.4,9.1,0.14,27,0
10743,50.0,West,Home,Net Banking,8,16812.29,1228.18,286,0,6.4,5.9,0.44,56,0
10744,58.0,North,Sports,UPI,7,17429.5,1467.22,1325,2,4.6,6.2,0.21,61,0
10745,33.0,South,Electronics,UPI,9,15823.39,4257.49,1011,0,5.3,6.3,0.24,33,0
10746,40.0,West,Beauty,Card,8,15109.34,2307.08,388,1,4.2,9.5,0.65,19,0
10747,61.0,North,Home,Net Banking,5,12175.12,716.85,1476,0,5.9,2.3,0.43,57,0
10748,18.0,South,Fashion,UPI,12,3786.5,2249.15,798,1,4.5,9.3,0.13,26,0
10749,51.0,South,Sports,UPI,3,14228.82,3106.27,1396,1,4.2,3.9,0.51,70,0
10750,62.0,North,Fashion,UPI,9,32546.33,3098.67,303,0,6.7,8.4,0.54,56,0
10751,25.0,North,Home,UPI,9,13565.92,3043.54,873,2,6.9,15.8,0.46,12,0
10752,31.0,West,Fashion,UPI,9,25916.52,2539.47,1209,1,3.6,9.7,0.4,46,0
10753,22.0,West,Home,Card,5,12572.14,2796.65,432,0,5.5,7.8,0.09,34,0
10754,51.0,North,Beauty,COD,4,9262.71,604.12,1187,0,5.1,7.2,0.51,104,1
10755,33.0,South,Fashion,Net Banking,10,7287.73,3997.92,1370,3,6.3,9.8,0.85,26,0
10756,49.0,East,Home,Card,11,19847.73,4454.27,1066,1,5.0,7.0,0.22,14,0
10757,22.0,West,Electronics,Net Banking,7,16038.7,3379.14,1227,0,4.8,4.9,0.42,51,0
10758,45.0,North,Sports,UPI,4,12410.03,1328.52,1055,1,5.8,3.2,0.54,59,1
10759,52.0,South,Electronics,Card,10,8600.23,2842.41,78,0,4.2,6.9,0.61,49,0
10760,20.0,East,Home,COD,4,4270.08,2991.87,1332,1,4.9,2.8,0.34,63,0
10761,29.0,West,Beauty,Net Banking,4,6820.18,2415.98,861,0,2.1,2.2,0.5,66,0
10762,57.0,East,Beauty,UPI,6,29279.95,3260.8,390,1,3.9,6.7,0.59,63,0
10763,57.0,West,Sports,UPI,5,5405.43,3749.54,1528,1,5.1,1.8,0.65,92,1
10764,23.0,North,Fashion,Card,7,1984.63,1802.52,1415,1,7.5,13.5,0.41,26,0
10765,42.0,West,Sports,UPI,7,4934.41,911.73,950,1,6.5,8.6,0.18,54,0
10766,38.0,East,Electronics,Card,4,3479.74,591.16,977,0,3.8,5.9,0.21,80,1
10767,45.0,South,Home,Card,13,13662.0,2972.21,1529,2,3.5,8.6,0.39,29,0
10768,30.0,East,Beauty,UPI,9,16590.25,1179.72,185,1,5.2,7.5,0.1,31,0
10769,21.0,North,Fashion,UPI,3,10676.24,3541.67,281,0,3.8,5.9,0.67,81,0
10770,25.0,North,Sports,Card,5,14259.81,1750.75,390,1,1.8,7.5,0.12,55,0
10771,59.0,East,Electronics,COD,5,1599.85,685.91,1341,0,4.3,1.0,0.47,108,1
10772,19.0,North,Electronics,Card,4,5765.5,1443.73,423,1,5.2,3.9,0.82,102,1
10773,33.0,West,Home,Card,4,675.47,1264.29,1133,2,3.8,8.7,0.37,77,0
10774,38.0,South,Beauty,UPI,9,18226.34,1560.03,1021,1,7.5,13.0,0.38,13,0
10775,57.0,South,Home,UPI,4,14349.23,928.03,1350,1,6.3,7.1,0.61,58,0
10776,26.0,South,Electronics,COD,8,6857.22,3558.05,97,0,4.1,4.2,0.56,42,0
10777,31.0,East,Fashion,COD,5,9217.78,3034.82,1310,2,6.2,6.4,0.76,53,0
10778,46.0,South,Fashion,Card,6,13423.29,1216.48,236,0,1.6,9.2,0.15,46,0
10779,30.0,South,Fashion,Net Banking,8,7555.36,1024.61,1095,0,6.0,14.1,0.54,40,0
10780,31.0,East,Sports,Card,6,15430.22,1248.19,229,1,4.8,7.7,0.74,69,0
10781,28.0,North,Home,Card,8,19738.56,901.71,390,1,3.5,5.3,0.76,89,1
10782,52.0,South,Home,UPI,6,6801.9,1971.22,1044,0,6.4,7.0,0.38,53,0
10783,40.0,South,Home,UPI,6,10512.57,1015.78,861,3,6.5,3.7,0.75,34,0
10784,64.0,South,Beauty,COD,3,17632.17,5717.8,1379,2,3.2,4.9,0.54,73,0
10785,34.0,North,Fashion,Card,4,16925.12,2917.75,162,0,3.8,5.6,0.41,65,0
10786,59.0,South,Sports,Card,6,9769.81,987.75,110,0,5.8,11.8,0.56,50,0
10787,21.0,North,Electronics,Card,6,9630.65,4547.5,930,0,3.1,6.3,0.34,74,0
10788,22.0,East,Sports,Net Banking,6,3884.86,3580.04,1126,0,4.4,9.3,0.52,63,0
10789,65.0,South,Fashion,Card,6,27648.27,640.05,1116,2,5.4,4.9,0.26,46,0
10790,62.0,East,Electronics,UPI,7,15565.16,2419.39,1119,1,3.8,5.9,0.05,67,0
10791,29.0,East,Fashion,COD,9,15590.46,1952.47,125,0,3.7,6.1,0.62,46,0
10792,31.0,North,Beauty,UPI,6,5818.1,1336.3,290,0,2.9,3.3,0.53,63,0
10793,47.0,West,Electronics,COD,6,15205.99,1685.99,471,0,5.5,7.5,0.7,89,0
10794,35.0,South,Beauty,Card,7,14700.17,410.23,898,1,3.3,8.6,0.41,55,0
10795,38.0,North,Home,Card,5,6167.61,5284.52,698,0,4.4,7.6,0.71,52,0
10796,24.0,East,Fashion,Card,5,4170.14,1741.07,1459,2,5.8,6.2,0.77,90,1
10797,53.0,South,Beauty,UPI,7,6053.58,5753.08,787,0,6.5,1.5,0.31,52,0
10798,51.0,South,Home,Card,6,18775.14,1291.19,1129,3,5.7,6.4,0.15,60,0
10799,34.0,North,Home,UPI,7,22246.07,3140.26,1299,1,4.6,5.7,0.63,48,0
10800,53.0,South,Home,UPI,4,5180.07,3494.06,1395,0,5.3,8.8,0.19,74,0
10801,19.0,South,Fashion,COD,5,10477.27,2386.41,797,2,2.0,6.5,0.84,114,1
10802,65.0,North,Beauty,Card,6,6060.49,1381.57,511,2,4.7,4.9,0.66,56,0
10803,42.0,South,Home,Net Banking,3,15646.92,960.28,1289,1,3.4,5.3,0.82,86,1
10804,37.0,East,Electronics,Net Banking,6,5486.36,1654.01,358,1,4.9,9.9,0.46,55,0
10805,59.0,North,Home,Net Banking,6,4813.95,622.77,1130,1,4.6,7.4,0.45,68,0
10806,50.0,South,Home,COD,4,7111.58,1303.25,1437,0,7.5,6.1,0.11,70,0
10807,32.0,South,Fashion,Card,7,9890.41,247.66,622,0,6.7,3.3,0.28,45,0
10808,37.0,East,Home,UPI,7,18283.78,1934.5,585,2,3.2,10.4,0.23,34,0
10809,30.0,East,Beauty,Net Banking,7,9199.64,1247.57,1157,1,5.5,4.7,0.06,41,0
10810,35.0,North,Electronics,UPI,7,11228.69,3078.06,786,1,4.0,3.6,0.64,96,1
10811,58.0,West,Electronics,UPI,4,5560.89,1342.9,524,2,2.5,13.8,0.66,79,0
10812,62.0,East,Electronics,Card,3,11285.38,1222.41,44,1,7.1,2.2,0.39,97,1
10813,24.0,South,Fashion,UPI,4,21662.08,2756.47,1373,1,3.2,7.6,0.55,85,0
10814,59.0,North,Fashion,Card,9,2699.73,971.94,254,0,8.1,3.6,0.52,58,0
10815,35.0,North,Home,UPI,5,16092.57,6230.94,713,1,5.9,8.1,0.81,60,0
10816,34.0,North,Beauty,Card,4,5696.97,1603.03,435,0,3.9,8.8,0.35,36,0
10817,35.0,North,Fashion,UPI,8,2234.17,1845.35,952,0,1.3,8.1,0.36,43,0
10818,33.0,North,Beauty,Card,7,29412.54,2205.64,61,0,4.7,1.4,0.32,88,0
10819,50.0,West,Fashion,COD,3,9408.7,1132.69,405,1,7.3,1.0,0.71,101,1
10820,22.0,North,Beauty,UPI,10,15969.86,4061.16,286,1,4.6,4.7,0.66,63,0
10821,36.0,West,Beauty,COD,5,1875.56,3708.14,201,0,6.8,10.3,0.6,26,0
10822,26.0,West,Electronics,COD,7,12130.71,497.67,1398,0,5.5,8.3,0.27,18,0
10823,18.0,South,Fashion,COD,4,12814.64,801.0,264,0,4.1,6.5,0.71,70,0
10824,26.0,East,Fashion,Card,6,10595.84,2245.31,428,3,4.3,7.5,0.84,72,0
10825,37.0,South,Sports,COD,5,8726.07,1873.12,70,2,3.8,6.4,0.75,77,1
10826,40.0,South,Electronics,UPI,4,8371.75,357.6,509,0,6.0,10.9,0.54,76,0
10827,39.0,South,Sports,UPI,6,4856.17,1811.18,360,1,6.1,8.2,0.65,69,0
10828,51.0,North,Sports,Card,5,15475.2,6292.94,1539,0,4.1,11.8,0.42,84,0
10829,48.0,South,Fashion,COD,6,22297.93,2825.58,324,0,2.3,9.5,0.33,43,0
10830,34.0,West,Home,Card,6,6013.04,1534.95,1187,0,6.5,9.1,0.06,25,0
10831,50.0,West,Beauty,Card,8,5222.13,2524.25,602,0,5.1,3.5,0.44,78,0
10832,60.0,North,Electronics,UPI,10,8290.13,3957.99,960,1,4.6,5.9,0.81,70,0
10833,53.0,East,Fashion,Net Banking,7,18391.5,941.14,1508,0,2.5,4.6,0.33,42,0
10834,53.0,East,Home,Card,6,8886.36,3574.91,460,0,5.5,7.2,0.79,80,0
10835,36.0,North,Electronics,Net Banking,4,2089.1,1093.97,1045,1,4.0,5.3,0.3,91,1
10836,55.0,West,Home,Card,10,2314.08,6037.97,559,1,8.1,3.0,0.31,55,0
10837,65.0,East,Beauty,Card,6,13037.97,1265.69,1161,2,6.1,10.5,0.64,80,1
10838,37.0,East,Electronics,Card,4,17919.59,3834.82,1108,1,5.6,9.3,0.66,42,0
10839,39.0,East,Fashion,Net Banking,7,5314.96,1184.67,674,2,1.5,6.6,0.24,54,0
10840,62.0,South,Sports,Card,5,8319.41,1855.98,1551,1,6.9,4.6,0.08,32,0
10841,25.0,East,Electronics,COD,9,10689.19,2762.75,535,0,5.1,3.5,0.08,63,0
10842,49.0,North,Electronics,Card,6,12708.69,2677.56,485,1,7.3,7.1,0.43,61,1
10843,38.0,South,Fashion,COD,5,3837.64,2825.96,1318,2,7.3,6.3,0.23,16,0
10844,19.0,South,Beauty,COD,10,2686.88,4633.13,665,0,3.0,6.6,0.78,73,0
10845,19.0,South,Electronics,COD,4,8681.69,2464.2,72,1,5.5,4.5,0.11,44,0
10846,52.0,South,Electronics,COD,3,9425.33,1289.97,1521,0,6.9,6.5,0.81,70,1
10847,40.0,South,Fashion,Card,5,10387.51,1181.11,1026,3,4.0,7.1,0.14,47,0
10848,34.0,South,Fashion,Card,5,4601.32,2369.38,1342,1,5.7,9.5,0.84,42,0
10849,22.0,West,Fashion,Card,9,3712.15,1206.98,159,1,6.8,3.6,0.07,20,0
10850,18.0,East,Electronics,Card,5,9015.54,769.1,417,1,5.3,8.0,0.4,33,0
10851,23.0,South,Beauty,Net Banking,8,5030.17,3906.77,1166,0,5.3,7.1,0.78,77,0
10852,32.0,East,Home,UPI,5,5954.69,2090.6,831,2,3.2,7.0,0.53,65,0
10853,52.0,South,Electronics,UPI,4,6447.31,2478.54,1154,4,4.7,2.4,0.42,62,1
10854,47.0,East,Sports,UPI,3,11939.57,3013.97,957,1,3.4,10.2,0.5,79,0
10855,60.0,South,Home,COD,5,5794.31,1589.03,1275,2,7.1,5.4,0.61,103,0
10856,55.0,South,Fashion,UPI,5,10911.99,5497.33,455,1,3.5,4.3,0.72,92,1
10857,60.0,South,Home,Card,1,9304.22,1967.04,1562,0,5.3,6.3,0.66,123,1
10858,37.0,North,Fashion,COD,11,17500.21,787.09,375,2,3.5,3.9,0.48,42,0
10859,50.0,North,Beauty,Card,7,13886.18,2176.36,540,1,5.6,9.1,0.4,45,0
10860,44.0,South,Sports,COD,5,7783.02,2014.18,539,1,3.1,9.8,0.67,61,0
10861,22.0,East,Home,Card,5,9997.46,2663.58,532,0,6.1,4.7,0.62,53,1
10862,57.0,East,Fashion,UPI,9,23499.5,2159.65,65,0,3.7,9.5,0.37,66,0
10863,50.0,East,Fashion,UPI,3,12520.33,1132.7,958,0,4.6,4.3,0.47,44,0
10864,44.0,North,Fashion,Card,4,5110.79,1937.57,354,1,6.4,7.9,0.18,37,0
10865,58.0,West,Beauty,UPI,7,13981.55,1984.01,1043,1,2.5,9.7,0.27,45,0
10866,46.0,East,Beauty,UPI,4,4249.75,2604.78,552,0,5.6,6.8,0.61,83,1
10867,33.0,West,Sports,COD,5,19702.99,2423.07,759,0,2.9,8.4,0.67,66,1
10868,25.0,West,Electronics,Card,8,5286.56,734.74,1586,0,5.7,8.4,0.69,40,0
10869,50.0,West,Fashion,UPI,6,15995.36,888.06,463,1,3.8,1.0,0.42,16,0
10870,64.0,West,Electronics,COD,4,14683.09,2184.88,1065,1,2.7,9.6,0.56,51,0
10871,39.0,South,Electronics,COD,10,14432.9,804.45,391,0,5.2,5.0,0.62,41,0
10872,34.0,South,Beauty,Card,10,2593.71,1788.88,1014,0,5.7,7.2,0.73,72,0
10873,46.0,South,Electronics,Card,4,12492.92,3011.79,441,0,1.3,11.2,0.68,86,0
10874,50.0,East,Fashion,UPI,7,17540.18,530.05,501,1,5.1,5.5,0.78,46,0
10875,39.0,South,Home,UPI,6,7452.25,3026.43,948,0,5.8,5.5,0.22,51,0
10876,32.0,North,Electronics,Card,7,13621.99,1540.77,1238,0,7.6,5.6,0.53,97,0
10877,23.0,North,Home,Card,5,4059.36,928.13,205,1,4.1,9.4,0.07,47,0
10878,20.0,South,Home,UPI,8,8694.43,564.4,772,0,5.5,10.3,0.59,43,0
10879,60.0,North,Fashion,Net Banking,3,3162.58,2221.5,299,1,1.0,11.9,0.55,40,0
10880,36.0,North,Fashion,Card,7,10077.35,1306.42,530,0,5.4,9.9,0.83,87,0
10881,42.0,East,Beauty,UPI,4,5038.93,1305.41,422,1,2.1,6.4,0.84,72,1
10882,41.0,West,Electronics,Net Banking,9,5215.88,3335.65,671,2,5.5,8.2,0.54,47,0
10883,41.0,South,Sports,UPI,6,5587.62,2237.79,724,3,5.1,8.1,0.83,84,1
10884,57.0,North,Beauty,Net Banking,7,9571.15,2129.51,844,0,4.0,9.3,0.77,63,1
10885,49.0,West,Sports,COD,5,1426.95,1357.07,1179,1,3.1,11.3,0.56,64,0
10886,50.0,South,Fashion,UPI,7,10537.41,2087.26,859,3,3.6,14.8,0.5,58,0
10887,56.0,West,Beauty,COD,8,3562.4,739.05,570,0,5.8,7.3,0.4,84,0
10888,20.0,North,Electronics,COD,9,30790.12,1308.16,723,1,3.1,5.2,0.61,55,0
10889,18.0,North,Sports,UPI,6,9035.0,1973.88,576,1,5.3,6.9,0.27,15,0
10890,36.0,East,Beauty,COD,6,27307.49,1675.44,259,0,1.8,8.5,0.66,82,0
10891,41.0,South,Home,Net Banking,4,12665.89,722.6,827,0,4.7,2.5,0.12,58,0
10892,23.0,South,Electronics,UPI,5,8117.14,2334.81,1592,1,3.3,1.7,0.23,69,0
10893,56.0,East,Beauty,Net Banking,6,1041.43,2637.94,1237,0,3.0,6.9,0.48,82,0
10894,49.0,West,Sports,COD,6,7561.66,1240.55,354,0,1.7,7.4,0.31,41,0
10895,45.0,North,Electronics,UPI,8,16954.36,3483.43,1111,0,2.0,9.9,0.27,46,0
10896,20.0,North,Beauty,Card,3,4155.06,386.67,54,1,4.6,7.4,0.44,78,0
10897,64.0,South,Fashion,Card,8,11901.73,2784.79,65,0,4.4,4.2,0.4,91,0
10898,50.0,South,Sports,Net Banking,4,11118.38,1344.15,659,0,3.1,9.9,0.5,35,0
10899,26.0,East,Beauty,Card,7,9039.46,637.92,709,2,3.5,12.3,0.64,33,0
10900,29.0,East,Home,Net Banking,6,4110.48,3074.01,254,0,7.1,10.3,0.09,54,0
10901,45.0,East,Fashion,Card,7,7403.62,679.45,600,1,3.4,4.8,0.73,84,1
10902,58.0,East,Beauty,Net Banking,7,18905.88,3687.25,676,1,2.9,8.7,0.07,32,0
10903,58.0,East,Beauty,COD,13,8714.99,1303.97,139,2,5.9,3.5,0.13,21,0
10904,37.0,South,Beauty,Card,7,3555.06,2075.12,1484,1,6.7,8.5,0.25,72,0
10905,53.0,North,Home,Net Banking,5,13174.77,1169.94,1330,0,6.6,9.4,0.47,71,0
10906,49.0,South,Fashion,Card,6,5154.23,2714.96,825,1,4.5,6.1,0.68,15,0
10907,56.0,East,Beauty,UPI,7,8856.15,2662.16,471,0,4.0,2.8,0.53,72,1
10908,43.0,North,Sports,COD,4,3785.61,618.06,321,0,5.1,8.2,0.45,54,0
10909,62.0,North,Beauty,UPI,4,18962.93,1203.56,467,1,2.7,3.7,0.13,61,0
10910,60.0,West,Home,Card,7,5165.09,2245.5,1221,1,6.0,5.9,0.17,57,0
10911,19.0,West,Sports,UPI,6,9139.04,4717.49,785,1,3.9,8.5,0.24,58,0
10912,47.0,South,Home,UPI,4,10211.21,4034.33,633,0,2.4,7.0,0.06,13,0
10913,61.0,South,Home,Card,7,5033.97,1285.82,1278,0,2.5,6.3,0.08,39,0
10914,38.0,West,Fashion,UPI,9,15619.94,2587.38,1521,1,3.7,5.3,0.24,52,0
10915,39.0,South,Electronics,UPI,5,9973.05,4822.95,1158,1,3.1,10.5,0.74,62,0
10916,37.0,West,Electronics,COD,2,7877.84,1539.99,1361,2,3.0,3.9,0.64,83,1
10917,33.0,South,Home,UPI,8,9161.73,924.71,900,0,3.5,7.3,0.07,16,0
10918,28.0,South,Fashion,Card,2,13370.29,1721.67,794,2,8.4,8.5,0.3,68,1
10919,65.0,North,Electronics,Card,7,1747.3,2139.62,485,1,4.8,6.2,0.63,40,0
10920,62.0,West,Sports,UPI,5,14589.58,3046.97,1454,0,1.0,15.1,0.2,60,0
10921,27.0,West,Electronics,COD,5,3983.61,1344.35,596,0,5.3,6.7,0.14,61,0
10922,21.0,East,Fashion,COD,3,16497.31,2557.05,1155,1,1.6,4.7,0.8,66,1
10923,52.0,South,Electronics,Card,8,9208.0,1979.54,55,2,4.5,6.8,0.07,71,0
10924,43.0,South,Beauty,Card,9,6760.15,2144.42,633,0,5.1,6.1,0.51,51,0
10925,52.0,East,Beauty,Card,6,12773.62,1411.26,1156,1,6.4,5.3,0.41,62,0
10926,47.0,West,Home,Card,3,9836.51,1970.46,1256,1,4.7,4.0,0.16,120,1
10927,46.0,North,Fashion,Card,5,2259.96,3497.02,1392,1,6.7,6.3,0.39,46,1
10928,50.0,South,Fashion,UPI,10,12353.51,2036.83,1101,1,6.5,6.5,0.58,44,0
10929,59.0,East,Home,UPI,5,3515.92,815.59,1341,0,3.2,1.7,0.56,94,1
10930,26.0,North,Sports,UPI,4,6666.5,534.54,985,0,6.2,3.1,0.68,68,0
10931,60.0,South,Electronics,UPI,8,16108.28,1845.63,48,0,3.5,3.1,0.06,48,0
10932,25.0,North,Beauty,Net Banking,9,4093.36,1072.74,499,0,6.2,6.6,0.62,89,0
10933,52.0,East,Beauty,UPI,5,9978.76,965.93,1185,0,2.9,11.8,0.28,45,0
10934,53.0,South,Home,Card,12,1570.65,673.91,1048,0,8.0,3.5,0.2,25,0
10935,39.0,South,Beauty,UPI,5,2398.53,2553.13,461,0,2.9,8.5,0.66,96,0
10936,48.0,South,Sports,UPI,8,24855.57,1885.18,74,1,2.6,11.0,0.48,65,0
10937,49.0,South,Home,UPI,6,6966.18,1523.94,819,2,4.1,10.4,0.33,48,0
10938,61.0,South,Home,COD,9,22867.15,3943.11,1112,1,4.3,8.2,0.54,59,0
10939,19.0,East,Electronics,UPI,4,1997.33,4172.64,787,1,2.5,9.9,0.34,79,0
10940,23.0,South,Electronics,COD,7,1237.88,1541.45,815,0,4.6,11.2,0.49,66,0
10941,64.0,South,Beauty,Card,5,1595.65,2865.31,857,1,7.1,5.8,0.32,66,1
10942,41.0,East,Sports,Card,7,8295.86,1438.34,1399,1,5.8,3.3,0.58,57,0
10943,36.0,North,Sports,Net Banking,9,20929.79,1726.42,877,1,4.6,11.2,0.55,73,0
10944,65.0,South,Electronics,COD,6,11281.71,2792.47,1511,0,1.9,9.2,0.64,53,0
10945,25.0,South,Home,UPI,4,3485.01,3023.53,834,1,5.2,7.1,0.81,56,0
10946,63.0,South,Electronics,COD,7,14331.28,1184.47,566,2,5.0,5.8,0.08,31,0
10947,34.0,South,Sports,UPI,8,17448.62,475.29,1391,1,6.3,4.8,0.31,22,0
10948,44.0,South,Beauty,Card,7,5360.56,1933.09,549,2,3.7,6.4,0.84,30,0
10949,56.0,West,Home,UPI,3,11907.86,2064.25,1584,4,5.4,5.7,0.38,80,1
10950,33.0,North,Beauty,UPI,7,1901.28,938.39,808,0,7.2,7.7,0.73,51,0
10951,58.0,North,Home,UPI,4,10018.47,3859.85,568,1,6.6,5.8,0.18,49,1
10952,61.0,South,Sports,UPI,6,10907.29,2736.59,191,1,2.9,10.0,0.41,30,0
10953,25.0,North,Beauty,UPI,5,4954.36,4918.53,845,0,2.1,3.8,0.29,59,1
10954,50.0,South,Fashion,UPI,5,18228.59,5129.51,387,1,4.6,8.0,0.27,110,1
10955,45.0,West,Beauty,Card,5,24497.9,1236.78,484,1,3.4,4.7,0.71,113,1
10956,39.0,South,Home,Card,4,5657.78,4763.01,832,0,5.8,9.2,0.64,87,0
10957,63.0,South,Sports,UPI,9,7080.41,2849.94,995,0,3.6,3.8,0.51,43,0
10958,56.0,North,Electronics,COD,5,24744.72,3250.7,580,0,5.0,5.4,0.76,65,0
10959,35.0,East,Sports,COD,7,8603.65,3060.48,1119,0,4.2,3.4,0.8,58,1
10960,25.0,South,Beauty,UPI,7,8236.86,3439.53,647,2,6.3,8.4,0.7,63,1
10961,55.0,North,Beauty,UPI,5,12433.57,1553.53,918,0,7.0,7.6,0.43,34,0
10962,36.0,North,Beauty,COD,9,4624.61,4071.5,1200,1,5.8,5.6,0.68,66,1
10963,41.0,North,Sports,Card,8,10900.9,3680.38,1240,0,6.5,4.1,0.54,60,0
10964,26.0,East,Beauty,UPI,10,9588.1,1385.72,1451,0,3.1,2.6,0.26,51,0
10965,19.0,South,Sports,Net Banking,7,18431.61,4714.07,991,0,2.9,7.2,0.6,44,0
10966,28.0,South,Home,UPI,12,6395.77,1622.18,1102,0,2.5,6.9,0.59,17,0
10967,56.0,North,Fashion,COD,5,10762.82,1530.3,840,2,1.1,6.2,0.85,48,0
10968,33.0,North,Beauty,UPI,5,24586.12,1480.45,1535,1,1.4,2.4,0.32,32,0
10969,58.0,South,Sports,Card,8,14062.35,3035.6,462,0,4.0,3.5,0.05,51,0
10970,39.0,West,Sports,UPI,9,6016.2,1010.16,1102,1,5.0,4.6,0.32,44,0
10971,24.0,South,Home,Card,5,4518.49,1403.57,277,0,6.4,7.9,0.65,63,0
10972,19.0,South,Sports,Card,6,2711.56,3019.59,1313,3,4.2,5.0,0.43,61,0
10973,19.0,West,Sports,UPI,6,4969.36,799.92,511,0,5.6,7.8,0.07,88,0
10974,57.0,East,Sports,COD,4,18101.14,1034.37,1543,1,4.5,7.4,0.45,52,0
10975,55.0,North,Sports,UPI,6,7475.4,2311.37,1483,0,5.7,5.3,0.08,28,0
10976,48.0,West,Electronics,COD,4,16718.47,3414.0,1056,3,3.9,7.2,0.15,45,0
10977,42.0,North,Beauty,COD,6,15563.57,2218.85,720,2,3.6,6.3,0.68,106,1
10978,36.0,East,Beauty,COD,9,18193.07,2591.68,1548,2,6.2,6.1,0.2,57,0
10979,40.0,South,Home,UPI,5,1674.9,1618.03,803,0,4.2,8.9,0.57,50,0
10980,64.0,East,Sports,Card,2,12887.81,1817.81,1343,1,1.3,9.5,0.31,62,0
10981,18.0,South,Electronics,Net Banking,2,8651.54,5212.0,732,1,6.9,9.0,0.47,117,1
10982,63.0,South,Sports,Card,9,12545.39,2794.8,1227,0,3.0,9.8,0.65,61,0
10983,35.0,North,Fashion,COD,2,12181.49,1726.75,1197,2,4.0,6.2,0.79,84,1
10984,33.0,East,Fashion,COD,6,11605.09,1589.31,1497,0,1.8,10.1,0.11,31,0
10985,18.0,South,Fashion,UPI,6,6382.13,1670.31,199,0,6.6,14.9,0.64,41,0
10986,42.0,South,Beauty,UPI,7,29452.31,1012.82,1237,2,6.3,3.1,0.28,48,0
10987,30.0,South,Electronics,Net Banking,5,9637.9,6804.93,88,1,4.2,8.4,0.37,60,0
10988,31.0,North,Beauty,COD,9,13034.07,2048.69,1176,1,3.8,7.8,0.13,21,0
10989,56.0,North,Sports,UPI,4,6990.52,1811.39,499,2,4.3,5.7,0.74,66,1
10990,34.0,West,Electronics,Net Banking,3,20838.6,2299.9,978,0,3.0,9.3,0.19,59,0
10991,32.0,West,Beauty,UPI,6,4917.23,1619.68,414,0,4.9,9.1,0.63,78,0
10992,21.0,East,Fashion,Card,3,19310.19,1429.64,1185,0,5.1,7.4,0.35,73,0
10993,23.0,East,Home,COD,5,10347.29,2794.16,1169,0,5.3,8.0,0.83,88,0
10994,58.0,East,Fashion,UPI,5,10269.63,2688.24,1339,1,3.1,7.6,0.17,53,0
10995,45.0,South,Beauty,UPI,6,4286.2,1038.49,77,1,5.4,10.6,0.67,61,0
10996,57.0,South,Home,UPI,6,28353.24,235.0,1030,0,6.3,4.4,0.2,71,0
10997,46.0,West,Beauty,Net Banking,5,13930.22,740.08,138,2,4.7,13.5,0.05,17,0
10998,24.0,West,Sports,UPI,6,11261.51,4454.19,1437,1,4.0,6.9,0.19,39,0
10999,58.0,South,Sports,UPI,6,16567.35,2099.85,528,0,2.2,9.2,0.43,55,0
11000,45.0,West,Home,UPI,5,31579.22,1840.97,517,1,5.5,3.9,0.33,45,0
